식당명,지역명,주차가능,와이파이제공,놀이방,다국어메뉴판,화장실,해시태그,소재지도로명,업태명,주된음식,영업장면적(평),행정동명,소재지전화번호,제로식당
명동정,중구,Y,Y,N,N,Y,"룸,모범음식점,트립어드바이저","서울특별시 중구 삼일대로 299, 1층 (충무로2가)",한식,한정식,88.0,명동,237895130, 
봉추찜닭,중구,N,N,N,Y,N,"모범음식점,씨트립,포장가능","서울특별시 중구 명동8나길 47, (충무로1가, 2층)",기타,기타,56.6,명동,0237899381, 
삼호복집,서대문구,Y,N,N,Y,Y,"룸,모범음식점,포장가능","서울특별시 서대문구 연세로5다길 10, (창천동,(지상2,3층))",한식,일식,108.0,신촌동,-, 
곰국시집,중구,N,Y,N,Y,Y,"모범음식점,트립어드바이저,포장가능","서울특별시 중구 무교로 24, (무교동,(지상2,3층))",한식,칼국수,107.3,명동,027563250, 
연타발,강남구,Y,Y,N,Y,Y,"모범음식점,트립어드바이저,포장가능","서울특별시 강남구 도산대로 231, (신사동,지상2,3층)",양식,곱창,214.8,압구정동,025454248, 
부엉이돈가스,용산구,N,Y,N,N,Y,포장가능,"서울특별시 용산구 남산공원길 105, YTN서울타워 2층 202B호 (용산동2가)",양식,돈가스,70.9,용산2가동,023180518, 
옛날집,마포구,N,Y,N,N,N,-,"서울특별시 마포구 양화로18안길 26, (동교동)",한식,"갈비구이, 삼겹살",14.6,서교동,231419608, 
너비집,중구,N,N,N,Y,N,"룸,모범음식점,씨트립,포장가능","서울특별시 중구 명동9길 37-8, (을지로2가)",한식,고기구이,25.1,명동,027564084, 
라온,중구,N,Y,N,N,N,포장가능,"서울특별시 중구 명동8가길 36, 1,2,3층 (충무로2가)",한식,한식,50.1,명동,027579292, 
뉘조,종로구,N,Y,N,N,Y,"모범음식점,블루리본,씨트립,안심식당,트립어드바이저","서울특별시 종로구 인사동14길 27, 1층 (관훈동)",한식,한정식,28.7,종로1.2.3.4가동,027309311, 
양반댁,종로구,N,N,N,N,Y,"모범음식점,씨트립,안심식당,트립어드바이저","서울특별시 종로구 인사동길 19-18, 1층 (인사동)",한식,한정식,21.9,종로1.2.3.4가동,027301112, 
하누소,종로구,N,N,N,N,N,안심식당,"서울특별시 종로구 삼일대로 428, (낙원동)",한식,갈비탕,167.2,종로1.2.3.4가동,027399990, 
대박감자탕,강서구,Y,N,N,Y,N,"모범음식점,안심식당","서울특별시 강서구 곰달래로 255, 1층 (화곡동)",한식,감자탕,46.6,화곡제4동,226420555, 
경회루,노원구,Y,Y,N,N,Y,모범음식점,"서울특별시 노원구 동일로 1005, 지하1층 (공릉동)",한식,정식,147.1,공릉1동,9722774, 
오발탄,서초구,N,N,N,N,N,모범음식점,"서울특별시 서초구 반포대로 154, 1,2,3층 (서초동)",한식,양대창구이,206.8,서초제3동,025916657, 
마장동한우촌,성동구,Y,Y,Y,Y,Y,모범음식점,"서울특별시 성동구 마장로35길 68, 1층 105,106,109,110,111,112호 (마장동)",한식,등심,47.0,마장동,222819292, 
기와집,노원구,N,N,N,Y,N,모범음식점,"서울특별시 노원구 석계로 35, 석산빌딩 1층 (월계동)",한식,갈비구이,58.6,월계1동,029172111, 
충무로 부산복집,송파구,N,Y,N,N,Y,"모범음식점,씨트립","서울특별시 송파구 중대로27길 9-1, (오금동)",한식,"복,탕",99.8,오금동,024043227, 
황토추어탕,강동구,N,N,N,Y,N,"모범음식점,안심식당","서울특별시 강동구 성안로 7-12, (성내동)",한식,추어탕,49.9,성내제1동,024736673, 
타오,구로구,Y,Y,N,N,Y,"모범음식점,안심식당","서울특별시 구로구 디지털로 288, 대륭포스트타워1차 지하125,126호 (구로동)",중식,청요리,67.2,구로제3동,220822888, 
가마솥손두부,동작구,N,N,N,N,Y,모범음식점,"서울특별시 동작구 남부순환로271길 20, (사당동)",한식,순두부,71.3,사당제1동,234722202, 
굴다리전주콩나물국밥,광진구,N,Y,N,Y,N,모범음식점,"서울특별시 광진구 자양로 160, (구의동)",한식,콩나물국밥,49.1,구의제1동,024588118, 
오복순대국,양천구,Y,Y,N,N,Y,모범음식점,"서울특별시 양천구 신정중앙로 63, 1층 (신정동)",한식,순대국,35.8,신정4동,226992655, 
콩두,양천구,N,N,N,N,N,"모범음식점,안심식당","서울특별시 양천구 신정이펜2로 22, 2층 201호 (신정동, 신정프라자)",한식,순두부,21.7,신정3동,267348080, 
영산홍가,구로구,N,N,N,N,N,모범음식점,"서울특별시 구로구 경인로25길 25, 1층 (오류동)",한식,홍어삼합,10.0,오류제1동,0226860755, 
낙지와볼테기,양천구,N,N,N,N,N,"모범음식점,안심식당","서울특별시 양천구 목동동로 73, 양지빌딩 ll 2층 201호 (신정동)",한식,볼테기해장국,28.9,신정7동,226536677, 
디코레 북창동 순두부,중구,N,N,N,N,Y,"모범음식점,포장가능","서울특별시 중구 세종대로 78, (태평로2가, 2층)",한식,한식,68.1,소공동,023184350, 
칭닌,마포구,N,N,N,N,N,-,"서울특별시 마포구 마포대로24길 4, 2층 203,204호 (아현동, 공덕자이아파트)",중식,-,21.3,아현동,-, 
짚불구이 본가,송파구,N,N,N,N,N,-,"서울특별시 송파구 올림픽로32길 22-20, 지상1층 (방이동)",한식,갈매기살,58.4,방이2동,024223393, 
상하이몽,영등포구,N,N,N,N,N,모범음식점,"서울특별시 영등포구 당산로41길 11, 당산 SK V1 center 1층 112호 (당산동4가)",중식,자장면,31.5,당산제2동,226330096, 
예소반,관악구,Y,N,N,Y,Y,"모범음식점,안심식당","서울특별시 관악구 문성로 225, 1층 (신림동)",한식,명태조림김치찜,20.5,신원동,028655245, 
눈꽃초밥,관악구,N,N,N,N,N,"모범음식점,안심식당","서울특별시 관악구 법원단지길 38, 1층 (신림동)",일식,초밥,13.0,난곡동,-, 
풍년오리,관악구,N,N,N,N,N,"모범음식점,안심식당,트립어드바이저","서울특별시 관악구 관악로15길 9, 2층 (봉천동)",한식,-,27.5,청룡동,028759999, 
퍼틴,송파구,N,N,N,N,N,모범음식점,"서울특별시 송파구 올림픽로 240, 지하1층 (잠실동, 롯데월드 어드벤처 F&B거리)",기타,쌀국수,37.1,잠실3동,221431260, 
힘찬장어,도봉구,N,N,N,N,N,"모범음식점,안심식당","서울특별시 도봉구 노해로69길 15-9, (창동,(지상1층))",한식,민물장어,30.9,창제4동,029999975, 
단아한정식,동작구,Y,Y,N,N,Y,"안심식당,트립어드바이저","서울특별시 동작구 동작대로27가길 44, (사당동,영지빌딩 2층)",한식,한정식,113.4,사당제2동,025323946, 
옥정,종로구,N,Y,N,Y,Y,"모범음식점,안심식당","서울특별시 종로구 인사동12길 18, 1층 (관훈동)",한식,한정식,16.0,종로1.2.3.4가동,027335412, 
장수갈매기,마포구,N,N,N,Y,Y,"모범음식점,안심식당,트립어드바이저","서울특별시 마포구 도화길 46, (도화동)",한식,갈매기살,44.8,도화동,027167766, 
고바우소곱창,노원구,Y,N,N,N,Y,"모범음식점,포장가능","서울특별시 노원구 동일로217가길 39, (상계동)",한식,소곱창,19.7,상계6.7동,029385142, 
들풀식당,종로구,N,N,N,N,N,"모범음식점,씨트립,안심식당","서울특별시 종로구 자하문로 118, (청운동)",한식,한정식,29.6,청운효자동,027204323, 
돈족골,송파구,N,N,N,N,N,모범음식점,"서울특별시 송파구 삼학사로 66, (석촌동)",한식,-,49.5,석촌동,024165252, 
광양불고기,송파구,Y,N,N,Y,Y,모범음식점,"서울특별시 송파구 백제고분로39길 6, (석촌동)",한식,불고기,168.4,석촌동,024200211, 
함흥냉면,영등포구,Y,N,N,Y,Y,"모범음식점,안심식당,위생등급제 지정업소,트립어드바이저","서울특별시 영등포구 영등포로42길 6, (영등포동3가,1층)",한식,냉면,30.2,영등포동,226782722, 
삼족오,강북구,N,N,N,N,N,모범음식점,"서울특별시 강북구 한천로 1067-1, (수유동)",한식,치킨,18.9,수유제3동,029058411, 
면천추어탕,동대문구,Y,N,N,Y,N,모범음식점,"서울특별시 동대문구 천호대로83길 19, 1층 (장안동)",한식,추어탕,20.0,장안제1동,-, 
부일관,노원구,Y,Y,Y,N,Y,모범음식점,"서울특별시 노원구 노원로26길 119, 부일관 1층 (상계동)",한식,돼지갈비,99.3,상계2동,029526634, 
아오끼,강남구,N,N,N,Y,N,모범음식점,"서울특별시 강남구 선릉로100길 30, (삼성동,지상1층)",일식,회정식,95.0,삼성2동,025691586, 
지호한방삼계탕,강남구,Y,N,N,Y,N,"모범음식점,트립어드바이저","서울특별시 강남구 영동대로115길 16, 지상1층 (삼성동)",한식,삼계탕,47.3,삼성1동,025127283, 
봉피양,송파구,N,N,N,N,N,"모범음식점,미쉐린 가이드","서울특별시 송파구 양재대로71길 5, 지상1층 (방이동)",한식,"돼지갈비, 설렁탕",72.8,방이1동,024155527, 
호보식당,강남구,Y,Y,N,N,Y,모범음식점,"서울특별시 강남구 논현로85길 43, (역삼동,지하1층)",한식,삼겹살,82.0,역삼1동,025655505, 
궁중한우,성동구,Y,N,N,N,N,모범음식점,"서울특별시 성동구 마장로29길 40, 1층 (마장동)",한식,"백반, 한우",10.0,마장동,222995453, 
김명자굴국밥전문점,용산구,N,N,N,N,N,모범음식점,"서울특별시 용산구 후암로 107, (동자동,케이트웨이타워 1층 104(B))",한식,굴국밥,26.0,남영동,027274300, 
하늘찬,강서구,N,N,N,N,N,모범음식점,"서울특별시 강서구 하늘길 38, 3층 (방화동, 2동 김포공항 국제선청사 동관)",한식,갈비찜,87.1,방화제2동,7049479855, 
가빈,구로구,N,N,N,N,N,모범음식점,"서울특별시 구로구 구로동로 174-9, (구로동)",한식,오리고기구이,25.1,구로제2동,-, 
청송면옥,서대문구,N,N,N,N,N,-,"서울특별시 서대문구 연희맛로 6, (연희동)",분식,냉면,25.3,연희동,-, 
대청마루,강서구,N,N,N,N,N,모범음식점,"서울특별시 강서구 하늘길 38, 김포공항 국제선 3층 (방화동)",기타,김치찌개,172.4,공항동,7049479859, 
태평양수산,성동구,N,N,N,N,N,모범음식점,"서울특별시 성동구 마장로 185, (홍익동)",일식,생선회,28.7,왕십리도선동,222964988, 
속초집,중구,N,N,N,N,N,모범음식점,"서울특별시 중구 퇴계로6길 3-6, 지하1층 (회현동1가)",한식,회,41.9,회현동,027752226, 
초원,용산구,N,Y,N,N,Y,모범음식점,"서울특별시 용산구 한강대로80길 7, (남영동)",한식,한우특수부위,53.5,남영동,027954175, 
정릉곤드레밥,성북구,Y,Y,N,N,Y,모범음식점,"서울특별시 성북구 보국문로18가길 5-13, (정릉동)",한식,곤드레밥,33.3,정릉제4동,-, 
이가네낙지마당,구로구,N,N,N,N,N,모범음식점,"서울특별시 구로구 경서로 12, 대상빌딩 1층 5~8호 (고척동)",한식,생등심,36.9,고척제1동,-, 
팔미낙지한마리수제비,노원구,N,N,N,N,N,모범음식점,"서울특별시 노원구 한글비석로47길 34, 혜미빌딩 1층 (상계동)",한식,수제비,39.8,상계5동,029525123, 
신선설농탕,서초구,Y,N,N,N,Y,"모범음식점,포장가능","서울특별시 서초구 효령로 322, (서초동,1층)",한식,설렁탕,57.4,서초제1동,234731155, 
대복,양천구,N,N,N,N,N,"모범음식점,씨트립,안심식당,트립어드바이저","서울특별시 양천구 오목로 276, 2층 (목동)",일식,복어회,49.7,목1동,226439588, 
가족천하,영등포구,N,N,N,Y,N,"모범음식점,안심식당","서울특별시 영등포구 가마산로 330, (대림동, 지상2층,3층 )",한식,"갈비탕,돼지갈비",213.0,대림제3동,028474500, 
불이아,강남구,N,N,N,Y,N,모범음식점,"서울특별시 강남구 언주로 711, (논현동,건설회관지하1층)",중식,훠궈,119.0,논현2동,025176689, 
진동둔횟집,서초구,N,N,N,N,N,"블루리본,트립어드바이저","서울특별시 서초구 강남대로91길 18, 지하1층,1층,2층 (잠원동)",일식,대구탕,287.0,잠원동,025433849, 
인사동두부마을,종로구,N,N,N,N,N,"모범음식점,씨트립,안심식당","서울특별시 종로구 인사동길 30-12, (관훈동)",한식,콩요리,26.6,종로1.2.3.4가동,027359996, 
남원추어탕,양천구,N,N,N,N,N,"모범음식점,안심식당","서울특별시 양천구 목동동로10길 17, 1~2층 (신정동)",한식,추어탕,62.9,신정2동,226433254, 
대경미담,송파구,N,N,N,N,N,모범음식점,"서울특별시 송파구 중대로 56, (문정동,지상1층)",한식,돼지갈비,39.6,문정1동,024075989, 
가나다라생고기,성북구,N,N,N,N,N,모범음식점,"서울특별시 성북구 성북로4길 52, 스포츠센타동 5103호 (돈암동, 한신한진아파트)",한식,고기,20.2,돈암제2동,-, 
삼풍숯불갈비,영등포구,Y,N,N,Y,Y,모범음식점,"서울특별시 영등포구 국회대로38길 8, (당산동3가,지상1층)",한식,갈비,75.0,당산제1동,226343035, 
능이버섯백숙,영등포구,N,N,N,Y,N,모범음식점,"서울특별시 영등포구 선유로 32, (문래동4가,(1층))",한식,백숙,72.3,문래동,226777373, 
동해,중구,N,N,N,N,N,"모범음식점,씨트립","서울특별시 중구 칠패로 36, (봉래동1가, 지하1층)",일식,농어회,63.7,회현동,027563321, 
보스라멘,용산구,Y,Y,N,N,Y,모범음식점,"서울특별시 용산구 청파로 74, (한강로3가, 16-9외6필지 용산전자랜드 지상6층)",일식,탄탄멘돈가스정식,28.0,한강로동,50713722090, 
궁원복집,구로구,N,N,N,N,N,"모범음식점,안심식당","서울특별시 구로구 가마산로19길 6-3, 지하1층,지상1층 (구로동)",일식,복지리,37.4,구로제2동,028670537, 
농부보쌈,중랑구,Y,Y,N,N,N,모범음식점,"서울특별시 중랑구 용마산로 389, (면목동)",한식,보쌈정식,64.9,면목제3.8동,024968860, 
양촌리,도봉구,N,N,N,Y,N,"모범음식점,안심식당","서울특별시 도봉구 방학로 102, (방학동)",한식,소갈비,114.3,방학제1동,029547852, 
또와,성동구,N,N,N,N,N,모범음식점,"서울특별시 성동구 성수일로12길 20, 성동안심상가 1층 101호 (성수동2가)",한식,삼겹살,22.1,성수2가제1동,024620580, 
해담촌,관악구,N,N,N,N,N,"모범음식점,안심식당","서울특별시 관악구 신림로 300, 1층 (신림동)",한식,-,44.9,서원동,028847977,Y
순천식당,양천구,N,N,N,N,N,"모범음식점,안심식당","서울특별시 양천구 지양로 26, 1층 102호 (신월동)",한식,해물찜,9.6,신월7동,220654465, 
소담,동작구,N,N,N,N,N,모범음식점,"서울특별시 동작구 흑석로 102, (흑석동,중앙대학교병원 지하1층 B105호)",한식,갈비탕,50.6,흑석동,028221456, 
송림식당,광진구,Y,N,N,Y,N,모범음식점,"서울특별시 광진구 자양번영로 77, (자양동,,137,138,139,141)",한식,불고기,158.8,자양제3동,024575473, 
은성,용산구,N,N,N,Y,N,"모범음식점,블루리본","서울특별시 용산구 한강대로84길 11-16, (남영동)",한식,"부대찌개,스테이크",25.1,남영동,027972855, 
태림산채정식,도봉구,Y,Y,N,N,N,"모범음식점,안심식당","서울특별시 도봉구 노해로60길 32, (쌍문동)",한식,산채정식,38.0,쌍문제3동,029985468, 
호아빈,중구,N,N,N,N,N,모범음식점,"서울특별시 중구 서소문로 139, (서소문동,(1층))",양식,베트남쌀국수,18.8,소공동,027570025, 
해태식당,관악구,Y,N,N,Y,N,"모범음식점,블루리본,안심식당","서울특별시 관악구 청룡1길 33, 1층 (봉천동)",한식,-,23.0,청룡동,028855398, 
금홍,용산구,N,N,N,N,N,-,"서울특별시 용산구 서빙고로 17, 1층 32호 (한강로3가)",중식,유린기,21.6,한강로동,027960995, 
골목냉면,성동구,N,N,N,N,N,모범음식점,"서울특별시 성동구 독서당로 295-7, (금호동3가)",기타,"냉면, 떡만두",26.3,금호2.3가동,0222352540, 
남서울민물장어,강남구,N,N,N,Y,N,"모범음식점,블루리본","서울특별시 강남구 봉은사로 137, (논현동)",한식,장어구이,37.8,논현1동,025441010, 
뚱뚱이 할머니집,중구,N,N,N,N,N,포장가능,"서울특별시 중구 장충단로 174-1, (장충동1가,(지상1층,지상2층))",한식,족발,12.0,장충동,0222792714, 
바다식당,용산구,N,N,N,N,N,"모범음식점,블루리본","서울특별시 용산구 이태원로 245, 2층 (한남동)",한식,존슨탕,78.0,한남동,50713761317, 
열해,용산구,N,N,N,N,N,"모범음식점,씨트립","서울특별시 용산구 이촌로 248, (이촌동,(한강맨션 21동 201호))",일식,모듬생선회,27.5,이촌제1동,027931188, 
토담골,강남구,N,N,N,Y,N,모범음식점,"서울특별시 강남구 봉은사로37길 5, 태양빌딩 지하1층 (논현동)",한식,한정식,128.6,논현1동,025485121, 
우리강산,송파구,Y,Y,N,N,Y,모범음식점,"서울특별시 송파구 위례성대로12길 6, 지상1층 (방이동)",일식,등심,14.6,방이1동,024157131, 
광양불고기,양천구,N,N,N,N,N,"모범음식점,안심식당","서울특별시 양천구 남부순환로 531, 1층 (신월동)",한식,불고기,70.0,신월4동,226979999, 
미우미우,송파구,Y,N,N,N,N,"모범음식점,트립어드바이저","서울특별시 송파구 양재대로71길 2-27, (방이동,지상2층)",한식,소고기구이,56.8,방이1동,024252581, 
대한민국,강남구,Y,Y,N,N,Y,모범음식점,"서울특별시 강남구 영동대로85길 17-5, 지하1,지상1~3층 (대치동)",한식,갈비탕,173.5,대치1동,025616320, 
연화산,강남구,N,N,N,N,N,모범음식점,"서울특별시 강남구 언주로93길 31, (역삼동,지상2층)",중식,중식,65.8,역삼1동,025585375, 
전자방,성동구,N,N,N,N,N,모범음식점,"서울특별시 성동구 성수일로12길 23, (성수동2가)",한식,탕수육,13.9,성수2가제1동,024613898, 
금강산,송파구,N,N,N,N,N,모범음식점,"서울특별시 송파구 올림픽로43길 88, (풍납동)",한식,우거지,184.5,풍납2동,230106191, 
교담집,양천구,Y,Y,N,N,Y,"모범음식점,안심식당","서울특별시 양천구 목동동로 260, 2층 201호 (목동, 양지타운)",한식,소고기,40.4,목1동,226468592, 
신기소,송파구,N,N,N,N,N,모범음식점,"서울특별시 송파구 송파대로 167, A동 G147호 (문정동, 문정역테라타워)",일식,"돈까스,우동,소바",26.0,문정1동,220543991, 
돈에뜰,용산구,N,N,N,Y,N,모범음식점,"서울특별시 용산구 한강대로40가길 39, 지상1,2층 (한강로2가)",한식,삼겹살,50.1,한강로동,027935487, 
화로구이,성동구,Y,Y,N,Y,Y,포장가능,"서울특별시 성동구 마장로 315, (마장동)",한식,"돼지갈비,소갈비",119.5,마장동,222998592, 
명태랑족발이랑,관악구,N,N,N,Y,N,"모범음식점,안심식당","서울특별시 관악구 신원로 6, 1층 (신림동)",한식,-,10.3,신원동,-, 
천외천,동작구,Y,N,N,N,N,"모범음식점,씨트립","서울특별시 동작구 만양로 19, (노량진동,신동아리버파크상가 217-220호)",중식,짜장면,95.6,노량진제1동,267457000, 
낙성곱창,관악구,Y,N,N,Y,N,"모범음식점,안심식당","서울특별시 관악구 봉천로 495-3, (봉천동)",한식,-,16.3,행운동,028721118, 
신우정,노원구,N,N,N,Y,N,모범음식점,"서울특별시 노원구 공릉로46길 9, (공릉동,1층)",한식,버섯전골,22.7,공릉2동,029743346, 
함흥곰보냉면,종로구,Y,N,N,N,Y,"모범음식점,안심식당,트립어드바이저","서울특별시 종로구 창경궁로 109, 401,405호 (인의동)",한식,냉면,101.3,종로1.2.3.4가동,222732833, 
아리차이,관악구,Y,N,N,N,N,"모범음식점,안심식당","서울특별시 관악구 신림동길 4, (신림동,지하1층,지상1,2층)",중식,-,145.7,신림동,028771272, 
대평갈비,종로구,Y,Y,N,N,Y,"모범음식점,안심식당","서울특별시 종로구 평창문화로 83, 지상2,3층 (평창동)",한식,한방갈비탕,169.0,평창동,023955288, 
사리원,강남구,Y,N,N,Y,N,모범음식점,"서울특별시 강남구 남부순환로 2712, (도곡동)",한식,불고기,96.6,도곡2동,205732202, 
군산오징어,송파구,Y,N,N,N,Y,"모범음식점,블루리본,포장가능","서울특별시 송파구 삼학사로 101, (삼전동, 지상 1,2,3층)",한식,오징어불고기,158.4,삼전동,024132046, 
일식호림,송파구,N,N,N,N,N,모범음식점,"서울특별시 송파구 석촌호수로 176, 2층 (삼전동)",일식,회,244.0,삼전동,024153413, 
남한강다슬기해장국,송파구,Y,N,N,N,N,모범음식점,"서울특별시 송파구 오금로 144, 지상1층 (송파동)",한식,올갱이해장국,16.1,송파1동,024172786, 
석촌옛터,송파구,Y,N,N,N,N,모범음식점,"서울특별시 송파구 백제고분로41길 42, (송파동,1층)",한식,돼지갈비,84.1,송파1동,024210043, 
파크루안,강남구,Y,N,N,N,N,"모범음식점,블루리본,포장가능","서울특별시 강남구 논현로 430, (역삼동)",중식,중국요리,154.0,역삼2동,025625566, 
원진노기순청국장,성북구,N,N,N,N,N,모범음식점,"서울특별시 성북구 안암로9가길 94, 1층 (안암동5가)",한식,청국장,39.3,안암동,029255733, 
댓잎갈비,용산구,N,N,N,N,N,"모범음식점,블루리본,씨트립,트립어드바이저","서울특별시 용산구 보광로 1, (보광동)",한식,댓잎갈비,108.8,보광동,027963355, 
안뜨레,강남구,Y,Y,N,Y,Y,"모범음식점,트립어드바이저","서울특별시 강남구 봉은사로 130, (역삼동)",양식,-,85.1,역삼1동,025316454, 
백제추어탕,강동구,N,N,N,Y,N,"모범음식점,안심식당,트립어드바이저","서울특별시 강동구 양재대로 1406, (둔촌동)",한식,추어탕,60.6,둔촌제2동,024713888, 
유향소,성동구,Y,N,N,N,N,모범음식점,"서울특별시 성동구 광나루로 248-1, (성수동2가)",중식,탕수육,40.6,성수2가제3동,024680110, 
서울집,금천구,N,N,N,Y,N,모범음식점,"서울특별시 금천구 시흥대로122길 24, 지상1층 (독산동)",한식,식육,27.4,독산제4동,-, 
용산양꼬치,용산구,Y,N,N,N,Y,모범음식점,"서울특별시 용산구 백범로99길 60, 1층 (한강로1가)",한식,양다리통구이,40.4,한강로동,027499088, 
콩심 수유점,강북구,Y,N,N,N,N,"모범음식점,포장가능","서울특별시 강북구 한천로 1066, (수유동)",한식,콩나물국밥,17.4,수유제3동,029051066, 
반값소,도봉구,Y,N,N,N,Y,"모범음식점,안심식당,포장가능","서울특별시 도봉구 마들로 664-5, 101,102호 (도봉동)",한식,식육구이,34.6,도봉제2동,0234931297, 
춘천왕닭갈비,노원구,N,N,N,N,N,모범음식점,"서울특별시 노원구 동일로203가길 29, 2층 212A,213,214호 (중계동, 브라운스톤중계)",한식,닭갈비,28.5,중계2.3동,029754481, 
오선채,서초구,Y,N,N,N,Y,"모범음식점,트립어드바이저","서울특별시 서초구 남부순환로 2634-8, 지하1층 (양재동)",한식,한정식,169.4,양재제1동,025789411, 
정성한줄,마포구,Y,N,N,N,Y,"모범음식점,안심식당","서울특별시 마포구 마포대로 195, 상가4동 108호 (아현동, 마포 래미안 푸르지오)",분식,분식,13.6,아현동,-, 
대갈집,광진구,N,N,N,N,N,모범음식점,"서울특별시 광진구 능동로 49, (자양동)",한식,갈비,28.2,자양제4동,024632702, 
갈비명가,구로구,Y,Y,N,N,Y,모범음식점,"서울특별시 구로구 가마산로 260, (구로동)",한식,갈비탕,128.0,구로제4동,028537002, 
샛집남원추어탕,동대문구,N,N,N,N,N,모범음식점,"서울특별시 동대문구 답십리로 310, 1층 (장안동)",한식,추어탕,42.9,장안제1동,222430042, 
조박사아구찜,노원구,Y,N,N,N,N,모범음식점,"서울특별시 노원구 노해로 490, 길빌딩 지하층 3호 (상계동)",한식,아구찜,23.4,상계6.7동,-, 
청호,관악구,N,Y,N,Y,N,"모범음식점,안심식당","서울특별시 관악구 서림길 24, 1층 (신림동)",중식,-,10.2,서림동,028782882, 
열빈,영등포구,Y,Y,N,Y,Y,"모범음식점,트립어드바이저","서울특별시 영등포구 국제금융로 78, 동 (여의도동,홍우빌딩)",중식,중화요리,193.3,여의동,027833838, 
안동장,중구,N,N,N,N,N,"모범음식점,블루리본,트립어드바이저","서울특별시 중구 을지로 124, (을지로3가)",중식,자장면,143.2,을지로동,0222663814, 
오장동흥남집,중구,Y,N,N,N,N,"모범음식점,블루리본","서울특별시 중구 마른내로 114, (오장동, 지하1층~지상3층)",한식,물냉면,155.7,광희동,222660735, 
불이아,마포구,Y,N,N,N,N,"모범음식점,블루리본,안심식당,트립어드바이저","서울특별시 마포구 동교로 182-6, (동교동, 1층)",중식,샤브샤브,40.1,서교동,023356889, 
제일콩집,노원구,Y,Y,N,N,Y,"모범음식점,블루리본","서울특별시 노원구 동일로174길 37-8, 제일빌딩 1,2층 (공릉동)",한식,두부찌개,64.9,공릉1동,029727016, 
하동관,중구,Y,N,N,N,N,"모범음식점,미쉐린 가이드,블루리본,트립어드바이저,포장가능","서울특별시 중구 명동9길 12, (명동1가)",한식,"쇠고기,돼지고기",53.0,명동,027765656, 
우래옥,중구,N,N,N,N,Y,"모범음식점,미쉐린 가이드,블루리본","서울특별시 중구 창경궁로 62-29, (주교동)",한식,불고기,238.8,을지로동,222650151, 
대도식당,성동구,Y,N,N,N,Y,트립어드바이저,"서울특별시 성동구 무학로12길 3, (홍익동, 431)",한식,한우등심,73.7,왕십리도선동,222991333, 
참누렁소,노원구,Y,N,N,N,N,모범음식점,"서울특별시 노원구 공릉로63길 13, 1층 (하계동)",한식,갈비탕,72.6,하계1동,029796400, 
진주회관,중구,Y,N,N,N,N,"모범음식점,블루리본","서울특별시 중구 세종대로11길 26, (서소문동)",한식,콩국수,73.8,소공동,027535388, 
함평면옥,서대문구,N,N,N,N,N,모범음식점,"서울특별시 서대문구 성산로 533, 하늬솔빌딩 2층 (대신동)",한식,갈비탕,96.5,신촌동,-, 
이즈미,강남구,Y,N,N,Y,Y,"모범음식점,포장가능","서울특별시 강남구 언주로 857, 지상1층 (신사동)",한식,회,99.6,신사동,025110107, 
이즈미,강남구,Y,N,N,Y,Y,"모범음식점,포장가능","서울특별시 강남구 압구정로 165, (압구정동,현대백화점 05-7)",한식,생선회,103.0,신사동,234165811, 
한일관,강남구,N,N,N,N,N,"모범음식점,미쉐린 가이드,블루리본,트립어드바이저","서울특별시 강남구 압구정로38길 14, (신사동,지하1,지상1~5층)",한식,"한정식,불고기,갈비탕,비빔밥,냉면",621.6,압구정동,027335333, 
포폴라리타,서초구,Y,Y,N,Y,Y,"모범음식점,블루리본,트립어드바이저","서울특별시 서초구 사평대로22길 41, 1층 (반포동)",양식,스파게티,24.1,반포제1동,025932340, 
진수사,강남구,Y,Y,N,Y,Y,모범음식점,"서울특별시 강남구 테헤란로37길 13-7, (역삼동)",일식,회,34.5,역삼1동,205613544, 
백제갈비,동작구,Y,Y,N,N,Y,"모범음식점,안심식당","서울특별시 동작구 사당로 231, (사당동)",한식,갈비,63.7,사당제3동,025370660, 
대가식당,광진구,Y,N,N,Y,N,모범음식점,"서울특별시 광진구 광나루로 596, (구의동)",한식,등심,56.8,구의제3동,024557866, 
한근더한근,성북구,N,N,N,Y,N,모범음식점,"서울특별시 성북구 한천로 605, 101호 (장위동, 태산빌딩)",한식,돼지갈비,78.0,장위제3동,029188999, 
정 참치,성동구,N,N,N,Y,Y,모범음식점,"서울특별시 성동구 성수일로8길 39, 2층 202호 (성수동2가)",주점,초밥,27.0,성수2가제1동,024671071, 
명태어장,양천구,Y,N,N,N,N,모범음식점,"서울특별시 양천구 중앙로 311, 지하 1층 101호 (신월동, 리슈리안)",한식,명태조림,42.0,신월2동,220658835, 
대가원,강북구,Y,Y,N,N,N,"모범음식점,포장가능","서울특별시 강북구 한천로 1064, (수유동)",한식,생등심,37.2,수유제3동,029990444, 
현가츠,중구,N,Y,N,N,Y,모범음식점,"서울특별시 중구 명동8나길 45, (충무로1가, 지하1층)",한식,양식,24.3,회현동,0237890673, 
태풍참치,강서구,Y,N,N,N,Y,"모범음식점,안심식당","서울특별시 강서구 공항대로 261, 발산파크프라자 2층 207호 (마곡동)",일식,참치모듬회,42.7,가양제1동,236633753, 
하이난,광진구,Y,N,N,N,Y,"모범음식점,씨트립,안심식당","서울특별시 광진구 능동로 243-1, (군자동,(지하))",중식,자장면,103.9,군자동,024660832, 
한강회관,용산구,Y,N,N,N,Y,모범음식점,"서울특별시 용산구 이촌로75길 10-3, (이촌동,(지상2층))",한식,한우불고기,56.8,이촌제1동,027939855, 
무교동북어국집,중구,N,N,N,N,N,"모범음식점,블루리본,씨트립","서울특별시 중구 을지로1길 38, (다동)",한식,북어국,14.6,명동,207773891, 
만나,영등포구,N,N,N,Y,N,"모범음식점,안심식당","서울특별시 영등포구 국회대로74길 19, 동우국제빌딩 지하1층 4호 (여의도동)",한식,돼지갈비,23.0,여의동,023697567, 
춘향골남원추어탕,중랑구,Y,N,N,N,N,"모범음식점,안심식당,포장가능","서울특별시 중랑구 중랑역로 269, (묵동)",한식,추어탕,37.4,묵제1동,029739526, 
강서복집,강서구,Y,N,N,Y,Y,"모범음식점,안심식당","서울특별시 강서구 공항대로59길 8, 우현빌딩 1~2층 (등촌동)",일식,복지리,87.0,등촌제1동,236616672, 
진진 가마솥 설렁탕,송파구,Y,Y,N,N,N,모범음식점,"서울특별시 송파구 거마로 12, (거여동)",분식,설렁탕,37.2,거여1동,024033119, 
만석장,은평구,Y,Y,N,N,Y,"모범음식점,씨트립,안심식당","서울특별시 은평구 대서문길 43-10, 1층 (진관동)",한식,두부,74.1,진관동,023712093, 
서초원,서초구,Y,Y,N,N,Y,모범음식점,"서울특별시 서초구 서초대로 283, (서초동)",한식,한정식,136.6,서초제3동,025960927, 
명가네남원추어탕,광진구,N,N,N,N,N,"모범음식점,안심식당","서울특별시 광진구 능동로37길 11, 1층 (중곡동)",한식,추어탕,51.4,중곡제1동,024615977, 
고흥만,성동구,N,N,N,Y,N,모범음식점,"서울특별시 성동구 뚝섬로3길 9, (성수동1가,지상1층)",한식,장어,15.1,성수1가제1동,024617770, 
신흥부전,마포구,N,N,N,Y,N,"모범음식점,안심식당","서울특별시 마포구 매봉산로2길 25, 1층 (상암동)",한식,-,7.7,상암동,-, 
스시남,중랑구,Y,Y,N,N,N,"모범음식점,안심식당","서울특별시 중랑구 중랑역로 261, 1층 (묵동)",일식,"회,초밥",21.2,묵제1동,029751093, 
취영루,강남구,Y,Y,N,Y,N,모범음식점,"서울특별시 강남구 학동로2길 11, (논현동)",중식,만두,215.3,논현1동,025116666, 
만성찬팅,관악구,N,N,N,N,Y,"모범음식점,안심식당","서울특별시 관악구 신림로 322-4, 지하1층 (신림동)",주점,꿔바로우,97.0,서원동,028831978, 
양지촌,중랑구,N,N,N,N,N,"모범음식점,안심식당","서울특별시 중랑구 망우로 184, (상봉동)",한식,소갈비,137.3,상봉제2동,0222074200, 
옛날불고기,관악구,N,N,N,N,N,"모범음식점,안심식당","서울특별시 관악구 신림로18가길 24, 1층 (신림동)",한식,-,29.3,서림동,028712369, 
천외천,양천구,N,N,N,N,Y,"모범음식점,안심식당","서울특별시 양천구 등촌로 220, 1층 109, 112~120호 (목동)",중식,자장면,53.2,목3동,220610321, 
한촌설렁탕,중랑구,N,Y,N,N,Y,"모범음식점,포장가능","서울특별시 중랑구 상봉로 39, A동 1층 (면목동, 엠에스빌딩)",한식,설렁탕,49.9,면목본동,024357933, 
은평 참숯갈비(별관),은평구,Y,N,N,Y,Y,모범음식점,"서울특별시 은평구 연서로 252, (불광동,,321-7,309-22,322-2,322-3(2층))",한식,보리밥,54.4,불광제2동,023523392, 
정가,관악구,Y,Y,N,N,Y,"모범음식점,안심식당","서울특별시 관악구 남부순환로 1710, 지하1~지상1층 (봉천동)",한식,-,149.7,청룡동,028848988, 
크래버대게나라,광진구,Y,Y,N,N,Y,"모범음식점,안심식당","서울특별시 광진구 천호대로 611, 1층 (중곡동)",기타,대게정식,60.3,중곡제2동,024560277, 
진곰 숯불갈비,은평구,N,N,N,N,N,"모범음식점,안심식당","서울특별시 은평구 증산로 345, 1,2층 (증산동)",한식,설렁탕,83.7,증산동,023079195, 
육전식당,동대문구,Y,Y,N,N,Y,모범음식점,"서울특별시 동대문구 천호대로 33, 2층 (신설동)",한식,"삼겹살, 목살",23.4,신설동,222346373, 
육전식당,동대문구,Y,Y,N,N,Y,모범음식점,"서울특별시 동대문구 난계로30길 16, 1층 (신설동)",한식,"삼겹살, 목살",29.2,용신동,222326373, 
정성한줄,송파구,N,N,N,N,N,"모범음식점,포장가능","서울특별시 송파구 올림픽로 145, 지하1층 A14,15-1호 (잠실동)",분식,김밥,12.7,잠실본동,024178253, 
홍가진국,용산구,N,N,N,N,N,모범음식점,"서울특별시 용산구 원효로 241-1, 1층 (원효로1가)",한식,설렁탕,22.1,원효로제1동,027143339, 
혼마참치,구로구,N,N,N,Y,Y,"모범음식점,안심식당","서울특별시 구로구 구로중앙로19길 28, (구로동)",일식,참치회,47.8,구로제2동,028675857, 
가부,성북구,N,N,N,N,N,모범음식점,"서울특별시 성북구 보문로 182, 1층 (삼선동4가)",중식,자장면,41.1,삼선동,-, 
낙지세상,송파구,N,N,N,N,N,모범음식점,"서울특별시 송파구 동남로18길 37, 지상1층 (가락동)",한식,낙지,48.1,가락본동,024034081, 
지호한방삼계탕,마포구,Y,N,N,Y,Y,"모범음식점,안심식당,포장가능","서울특별시 마포구 독막로 229, 2층 (신수동)",한식,-,77.6,신수동,-,Y
임진강민물장어,강서구,N,N,N,N,N,"모범음식점,블루리본,씨트립,안심식당","서울특별시 강서구 양천로 723, 1층 (염창동)",한식,장어,35.5,염창동,236637900, 
중일가든,광진구,N,N,N,N,N,"모범음식점,안심식당,트립어드바이저","서울특별시 광진구 아차산로76가길 4, (광장동)",한식,꽃등심,109.5,광장동,024543770, 
봉평메밀막국수,도봉구,N,N,N,N,N,"모범음식점,안심식당","서울특별시 도봉구 도봉산4길 15, 1층 (도봉동)",한식,막국수,27.4,도봉제1동,029562080, 
조선갈비,강서구,Y,Y,Y,N,Y,"모범음식점,안심식당","서울특별시 강서구 공항대로 341, 2~5층 (등촌동)",한식,갈비,247.7,등촌제3동,226589300, 
제주항구,영등포구,Y,Y,N,Y,Y,"모범음식점,안심식당","서울특별시 영등포구 국제금융로6길 33, 7층 701호,711호 (여의도동)",일식,활어회,57.4,여의동,027835453, 
갑식이네착한낙지,도봉구,Y,N,N,N,Y,"모범음식점,포장가능","서울특별시 도봉구 도봉로150길 43, (방학동, ESA단지 상가 136.137.138호)",한식,-,52.6,방학제1동,0233925572, 
신동보성,송파구,N,N,N,N,N,모범음식점,"서울특별시 송파구 법원로6길 7, 2층 (문정동, 송파유탑테크밸리)",기타,"탕수육,짜장면",47.5,문정1동,-, 
돌쇠풍천민물장어,마포구,Y,Y,N,N,Y,"모범음식점,안심식당","서울특별시 마포구 월드컵로 87, (망원동, 마포로얄프라자 201~203호)",한식,보쌈,73.5,망원제1동,023229197, 
김종구참치박사,동작구,N,N,N,Y,N,모범음식점,"서울특별시 동작구 동작대로 25-1, (사당동, 1층)",일식,회,48.6,사당제1동,025239261, 
보들이쭈꾸미,은평구,Y,Y,N,N,N,모범음식점,"서울특별시 은평구 은평로 46, 1층 (신사동)",한식,쭈꾸미,41.7,신사제1동,023763588, 
이대감 고깃집,종로구,Y,N,N,N,Y,"모범음식점,안심식당","서울특별시 종로구 수표로 96, (관수동)",한식,"갈비탕, 갈빗살, 불고기",240.0,종로1.2.3.4가동,0222651400, 
새벽집,강서구,N,N,N,N,N,모범음식점,"서울특별시 강서구 양천로 401, A동 2층 206호 (가양동, 1동 강서한강자이타워)",한식,순두부,32.7,가양제1동,226385787, 
미미초밥,금천구,N,N,N,N,N,모범음식점,"서울특별시 금천구 시흥대로 192, (시흥동)",일식,초밥,26.0,시흥제1동,-, 
명가 쌈밥,은평구,N,N,N,N,N,"모범음식점,안심식당","서울특별시 은평구 불광로 40-2, (불광동, 지상1층)",한식,오리,23.3,불광제1동,023582343, 
푸른바다횟집,성동구,N,N,N,N,N,모범음식점,"서울특별시 성동구 성덕정15길 4-17, 1층 (성수동2가)",일식,회덮밥,13.3,성수2가제1동,294935855, 
찜집,광진구,N,N,N,N,N,모범음식점,"서울특별시 광진구 자양번영로 44, (자양동,(1층))",한식,찜,33.3,자양제1동,024440007, 
꾸워,은평구,N,N,N,N,N,모범음식점,"서울특별시 은평구 은평로 34, 1층 (신사동)",한식,생고기,30.8,신사제1동,-, 
산야초 닭한마리,송파구,Y,N,N,Y,N,모범음식점,"서울특별시 송파구 백제고분로50길 41, 지상1층 (방이동)",한식,삼계탕,34.8,방이1동,024235864, 
국보,은평구,N,N,N,N,N,모범음식점,"서울특별시 은평구 은평로11길 11-1, 1층 (녹번동)",일식,활어,25.1,녹번동,023513896, 
진평925,마포구,N,N,N,Y,N,"모범음식점,안심식당","서울특별시 마포구 망원로 87, 2층 (망원동)",한식,-,362.5,망원제1동,-, 
신고집해물찜,강서구,Y,N,N,N,Y,"모범음식점,안심식당","서울특별시 강서구 강서로 188, 1층 (화곡동, 우장산동)",한식,해물찜,48.0,우장산동,226683359,Y
춘향골남원추어탕,마포구,N,N,N,Y,N,"모범음식점,안심식당","서울특별시 마포구 월드컵로36길 18, (성산동,삼라마이다스109.110.111호)",한식,추어탕,27.2,성산제1동,023027524, 
신의주찹쌀순대,마포구,N,N,N,N,N,"모범음식점,안심식당","서울특별시 마포구 큰우물로 66, (용강동)",한식,순대국,22.9,용강동,0232751780, 
서해쭈꾸미,중랑구,N,N,N,N,N,"모범음식점,안심식당","서울특별시 중랑구 겸재로 191, (면목동)",한식,주꾸미,18.9,면목본동,0222097892, 
이촌동 면옥,용산구,N,N,N,Y,N,모범음식점,"서울특별시 용산구 이촌로54길 17, (이촌동,(지상1.2층))",한식,냉면,114.6,이촌제1동,027967775, 
황소곱창,강남구,Y,N,N,N,N,모범음식점,"서울특별시 강남구 봉은사로82길 16, (삼성동,지상1층)",한식,한우곱창,29.9,삼성1동,-, 
백년추어탕,서대문구,N,N,N,N,N,"모범음식점,씨트립","서울특별시 서대문구 증가로 9, (연희동)",한식,추어탕,23.0,연희동,-, 
선정설렁탕,강북구,N,N,N,N,N,모범음식점,"서울특별시 강북구 솔샘로67길 142, (미아동,(큰마을길 72))",한식,설렁탕,0.0,송천동,029807720, 
강남수랏간,강남구,Y,Y,N,N,Y,모범음식점,"서울특별시 강남구 역삼로 410, (대치동,지상1층2층)",한식,돼지갈비,105.9,대치4동,025675123, 
광남수사,마포구,N,N,N,N,N,안심식당,"서울특별시 마포구 마포대로8안길 18, (공덕동, 지상1층,지하1층)",일식,-,20.0,공덕동,7155747, 
능동국시,광진구,N,N,N,N,N,"모범음식점,안심식당","서울특별시 광진구 능동로35길 23, (군자동)",분식,칼국수,27.5,군자동,024648877, 
연화산,송파구,Y,N,N,Y,N,"모범음식점,트립어드바이저,포장가능","서울특별시 송파구 오금로46길 34, (가락동)",중식,자장면,60.2,가락2동,234020538, 
제주어항1950,서초구,N,N,N,N,N,모범음식점,"서울특별시 서초구 방배로 189, 1층 (방배동)",한식,순대국,46.5,방배본동,0234828400, 
칡산에 황제보쌈,은평구,N,N,N,N,Y,"모범음식점,포장가능","서울특별시 은평구 은평로 189, 1,2층 (녹번동)",한식,곤드레돌솥밥.보쌈,52.2,녹번동,023513577, 
동신참치,광진구,N,N,N,N,N,"모범음식점,안심식당","서울특별시 광진구 광나루로56길 85, 9층동 36호호 (구의동,테크노마트)",일식,참치회,27.1,구의제3동,234241339, 
누엣골 주막,송파구,Y,Y,N,N,Y,"모범음식점,포장가능","서울특별시 송파구 올림픽로 240, (잠실동, 롯데월드)",한식,"덮밥,비빔밥",91.4,잠실3동,024112000, 
신의주 부대찌개,강북구,N,N,N,N,N,모범음식점,"서울특별시 강북구 한천로131길 7, (번동,(경창서길 5))",한식,부대찌개,22.6,번제1동,029921444, 
메이탄,강서구,Y,N,N,Y,N,"모범음식점,안심식당,포장가능","서울특별시 강서구 강서로 242, 상가동 2층 215호 (화곡동, 강서힐스테이트)",중식,양장피,59.6,우장산동,226998686, 
장천,노원구,N,Y,N,N,N,모범음식점,"서울특별시 노원구 동일로217가길 11, 2층 (상계동)",한식,"짬뽕, 볶음밥",35.9,상계6.7동,029358787, 
벽제갈비,서대문구,N,N,N,Y,N,씨트립,"서울특별시 서대문구 명물길 22, (창천동,,13-109, 13-114 (지하1층, 지상2,3층))",한식,소갈비,90.8,신촌동,-, 
동강참치,서대문구,N,N,N,N,N,모범음식점,"서울특별시 서대문구 연세로2길 79, (대현동)",일식,회정식,10.1,신촌동,-, 
송림가,구로구,Y,Y,Y,N,Y,"모범음식점,안심식당,트립어드바이저","서울특별시 구로구 경인로 398, (고척동)",한식,"꽃등심, 양념갈비",338.0,고척제1동,-, 
사랑채,광진구,N,N,N,N,N,"모범음식점,안심식당","서울특별시 광진구 아차산로 440-8, (구의동,지하 01)",한식,국수전골,32.5,구의제3동,234369200, 
압구정샤브샤브,서대문구,Y,N,N,Y,N,"모범음식점,씨트립","서울특별시 서대문구 연대동문길 26, (대신동)",한식,샤브샤브,55.8,신촌동,-, 
유락손칼국수,강북구,Y,N,N,Y,Y,모범음식점,"서울특별시 강북구 삼양로 461, (수유동)",한식,칼국수,15.1,인수동,029979297, 
고센,강남구,N,N,N,Y,N,"모범음식점,블루리본","서울특별시 강남구 선릉로158길 18, 2,3층 (청담동)",한식,파스타,218.3,청담동,205151863, 
메밀촌,성북구,N,N,N,N,N,"모범음식점,트립어드바이저","서울특별시 성북구 화랑로25길 17, (상월곡동)",한식,만두국,29.4,월곡제2동,029162141, 
금왕돈까스,성북구,Y,N,N,N,N,모범음식점,"서울특별시 성북구 성북로 138, (성북동)",양식,돈까스,40.0,성북동,207642691, 
가재야,성북구,Y,Y,N,N,Y,"모범음식점,안심식당","서울특별시 성북구 보문로 163, (삼선동5가)",기타,바닷가재,39.9,삼선동,029535545, 
금해 복집,종로구,Y,N,N,N,N,모범음식점,"서울특별시 종로구 진흥로 461, 1,2층 (구기동)",일식,활지리,103.3,평창동,023955656, 
서대문영양족발,서대문구,Y,N,N,N,N,"모범음식점,포장가능","서울특별시 서대문구 통일로 377, (홍제동, 지하1층,지상1층)",한식,족발,62.6,홍제제1동,-, 
진우리참치,관악구,Y,Y,N,N,Y,"모범음식점,안심식당","서울특별시 관악구 봉천로 472, 1층 101호 (봉천동, CO-OP RESIDENCE)",일식,-,39.1,중앙동,028892233, 
봉추찜닭,서초구,N,N,N,N,N,"모범음식점,포장가능","서울특별시 서초구 반포대로28길 91, 101호 (서초동)",한식,찜닭,24.5,서초제3동,-, 
홍천한우,서초구,Y,Y,N,N,Y,모범음식점,"서울특별시 서초구 효령로55길 47, (서초동,2층일부,3층일부)",한식,등심,82.4,서초제3동,-, 
라이홍,성동구,N,N,N,N,N,모범음식점,"서울특별시 성동구 성수일로 77, 102호 (성수동1가, 서울숲IT벨리)",중식,탕수육,26.2,성수1가제1동,269680808, 
엠브이샤브샤브,강남구,Y,N,N,Y,Y,모범음식점,"서울특별시 강남구 남부순환로 2936, (대치동,원플러스상가지하1층105,106호)",한식,샤브샤브,87.8,대치1동,5617573, 
창원,도봉구,Y,Y,N,N,Y,"모범음식점,안심식당","서울특별시 도봉구 도봉로180길 6, 지상1층 (도봉동, 태봉운동시설2동)",한식,식육취급(소고기),70.8,도봉제2동,0234927892, 
최가네양평해장국,강북구,N,N,N,N,N,모범음식점,"서울특별시 강북구 덕릉로 162, (번동)",한식,해장국,0.0,번제2동,029803344, 
한시락,중구,Y,N,N,N,Y,모범음식점,"서울특별시 중구 을지로3길 25-6, 1층 (다동)",한식,시래기,40.8,명동,0237895554, 
초승달,용산구,Y,Y,N,N,Y,모범음식점,"서울특별시 용산구 회나무로26길 12, 1층 102호 (이태원동)",일식,초밥,20.0,이태원제1동,027496444, 
대가곱창,종로구,N,Y,N,Y,N,"모범음식점,안심식당","서울특별시 종로구 명륜길 53, (명륜3가,(지상1층))",한식,"곱창, 막창",8.9,혜화동,027473827, 
본고향맛집,종로구,Y,Y,N,N,Y,"모범음식점,안심식당,포장가능","서울특별시 종로구 지봉로 16, (숭인동,1층)",한식,한정식,92.9,숭인제1동,222343392, 
무안갯벌낙지,은평구,N,N,N,N,N,"모범음식점,안심식당","서울특별시 은평구 진흥로 11, 1,2층 (역촌동)",한식,낙지전골,62.0,역촌동,023594017, 
산수골추어탕감자탕,성동구,N,N,N,N,N,모범음식점,"서울특별시 성동구 왕십리로31가길 31, (하왕십리동)",한식,"추어탕, 감자탕",35.7,왕십리제2동,0222985111, 
동경1993,노원구,Y,Y,N,N,N,모범음식점,"서울특별시 노원구 노해로75길 14-27, (상계동, 2층)",일식,대구탕,44.8,상계6.7동,029345777, 
정선곤드레쌈밥,종로구,N,N,N,N,N,모범음식점,"서울특별시 종로구 평창문화로 152, 101,102,103호 (평창동, 평창동 안성타워)",한식,쌈밥,35.0,평창동,023795669, 
메시야,용산구,N,N,N,N,N,모범음식점,"서울특별시 용산구 한강대로 358, 1층 (동자동)",일식,김치돈까스,16.0,남영동,023185235, 
부다스벨리,용산구,N,Y,N,N,Y,트립어드바이저,"서울특별시 용산구 녹사평대로40길 48, (이태원동, 457-1 지상1층)",양식,태국음식,15.9,이태원제1동,027969330, 
일산칼국수,종로구,N,N,N,N,N,-,"서울특별시 종로구 삼일대로15길 6, 1층 (관철동)",한식,칼국수,46.0,종로1.2.3.4가동,027333131, 
찜사랑해물,성동구,Y,N,N,Y,N,모범음식점,"서울특별시 성동구 용답중앙길 92, (용답동)",한식,해물찜,28.9,용답동,222457722, 
돈떼목장,영등포구,Y,Y,N,N,Y,"모범음식점,안심식당","서울특별시 영등포구 영등포로 384-1, 1층 (신길동)",한식,돼지갈비,27.8,신길제1동,-, 
매스플레이트,성북구,Y,Y,N,N,N,"모범음식점,트립어드바이저,포장가능","서울특별시 성북구 개운사길 18, (안암동5가, 2층)",기타,"파스타, 스테이크",47.9,안암동,029214940,Y
하이보,강남구,Y,Y,N,Y,Y,모범음식점,"서울특별시 강남구 영동대로85길 13, 지상2층 (대치동)",중식,동파육,169.4,대치1동,-, 
맛남굼터,강서구,N,Y,N,N,Y,"모범음식점,안심식당","서울특별시 강서구 강서로45가길 10, 2층 (화곡동, 3동)",한식,숙성삼겹살,52.9,화곡제3동,226996692, 
봉평고향메밀촌,서초구,N,N,N,Y,N,모범음식점,"서울특별시 서초구 신반포로45길 26, 동화빌딩 1층 (잠원동)",한식,막국수,32.2,잠원동,025117888, 
대도식당,마포구,N,N,N,Y,N,모범음식점,"서울특별시 마포구 마포대로 19, 지1층 1,4호 (마포동, 신화빌딩)",한식,-,163.7,도화동,027149772, 
돈구어,성동구,Y,Y,N,Y,Y,모범음식점,"서울특별시 성동구 왕십리로20길 18, 1층 (도선동)",한식,"소고기, 돈육",36.6,왕십리도선동,222957456, 
금하,광진구,Y,N,N,N,N,모범음식점,"서울특별시 광진구 아차산로36길 5, 4층 (자양동)",중식,코스요리,181.8,자양제1동,024048000, 
갈비사랑,서초구,Y,Y,N,N,Y,모범음식점,"서울특별시 서초구 강남대로 204, 지층,지상1,2,3,4,5층 (양재동)",한식,돼지갈비,350.8,양재제1동,234636800, 
태백산맥,중구,Y,Y,N,N,Y,모범음식점,"서울특별시 중구 다산로 85, 3층, 4층 (신당동)",한식,등심,99.2,다산동,222370402, 
돈까스잔치,용산구,Y,Y,N,N,Y,"모범음식점,포장가능","서울특별시 용산구 서빙고로 297, 1층 (동빙고동)",한식,"돈까스, 잔치국수",36.0,서빙고동,027969969, 
긴자,영등포구,N,N,N,N,N,"모범음식점,안심식당","서울특별시 영등포구 국제금융로2길 36, (여의도동,유화빌딩 지하1층)",일식,생선회,50.6,여의동,027854200, 
마뇨떡볶이,관악구,Y,N,N,N,N,"모범음식점,안심식당","서울특별시 관악구 신원로 35, 2층 (신림동)",분식,-,59.9,서원동,028736262, 
우림정,중구,N,N,N,N,N,모범음식점,"서울특별시 중구 세종대로11길 33-3, (서소문동)",한식,등심,25.9,소공동,027525939, 
사랑방,중랑구,Y,Y,Y,N,Y,모범음식점,"서울특별시 중랑구 겸재로 264, (면목동)",한식,돼지갈비,28.7,면목제3.8동,024953937, 
부림정,광진구,N,N,N,N,N,모범음식점,"서울특별시 광진구 능동로 18, 지하1층 B01-1호 (자양동, 이튼타워리버3차)",한식,갈비,58.3,자양제3동,024991714, 
돈벼락맛집,성동구,N,N,N,N,N,모범음식점,"서울특별시 성동구 상원길 24, 지상2층 (성수동1가, 락안빌딩)",한식,"삼겹살,쌈밥",43.6,성수1가제2동,024989468, 
와인앤다인,강남구,N,N,N,N,N,모범음식점,"서울특별시 강남구 영동대로 737, (청담동,1층)",한식,삭스핀,147.9,청담동,025413111, 
카페비스타,강남구,N,N,N,N,N,모범음식점,"서울특별시 강남구 영동대로 737, (청담동,지상1층)",양식,한우우거지,142.5,청담동,025413111, 
초와밥,동작구,Y,Y,N,N,Y,"모범음식점,안심식당","서울특별시 동작구 동작대로5길 8, (사당동)",일식,생선회,34.7,사당제1동,025235937, 
맛태정식,구로구,N,N,N,N,N,"모범음식점,안심식당","서울특별시 구로구 고척로40길 33-6, (고척동)",한식,황태찜,16.3,고척제2동,226843202, 
아름다운 제주돈,강동구,Y,N,N,N,N,"모범음식점,안심식당","서울특별시 강동구 고덕로38길 39, (명일동)",한식,돼지고기구이,29.3,명일제1동,263973745, 
왕십리연탄집,성동구,Y,Y,N,N,N,"모범음식점,트립어드바이저","서울특별시 성동구 무학로6길 51, (홍익동,(지상1층))",한식,"꼼장어, 소갈비",24.7,왕십리도선동,222983733, 
램랜드,마포구,Y,N,N,N,N,"모범음식점,안심식당","서울특별시 마포구 토정로 255, 1층 (용강동)",한식,양고기,55.8,용강동,027040223, 
향촌면옥,강남구,N,N,N,N,N,모범음식점,"서울특별시 강남구 압구정로29길 72-1, 지상1층 B2호 (압구정동)",한식,냉면,20.5,압구정동,205467542, 
동경,강남구,N,N,N,Y,N,모범음식점,"서울특별시 강남구 영동대로 513, 지하1층 J108호 (삼성동, 코엑스몰 )",분식,돈까스,22.0,삼성1동,260026460, 
지중해참치,마포구,Y,N,N,N,N,"모범음식점,안심식당,포장가능","서울특별시 마포구 새창로 13, (도화동, 2층)",일식,참치회,16.4,도화동,-, 
지호한방삼계탕,중랑구,Y,Y,N,N,Y,"모범음식점,안심식당","서울특별시 중랑구 용마산로 560, (망우동)",한식,삼계탕,43.7,망우본동,024330054, 
청국장과보리밥,관악구,N,N,N,N,N,"모범음식점,안심식당","서울특별시 관악구 관악로24길 80, 1층 (봉천동)",한식,-,18.6,행운동,028788858, 
늘봄웰봄,서초구,Y,Y,N,Y,N,"모범음식점,트립어드바이저","서울특별시 서초구 서초중앙로 188, (서초동, 아크로비스타지하1층지하A-105,A-106,A-107호)",한식,샤브샤브,108.4,서초제4동,025998804, 
평가옥,강남구,N,N,N,N,N,모범음식점,"서울특별시 강남구 삼성로95길 37, (삼성동,지상1층)",한식,냉면,65.0,삼성2동,-, 
약초마을,서초구,N,N,N,N,N,모범음식점,"서울특별시 서초구 강남대로2길 3, (양재동,1층)",한식,삼계탕,25.0,양재제2동,025775551, 
목포산낙지철판해물,관악구,N,N,N,Y,N,"모범음식점,안심식당","서울특별시 관악구 조원로 125-1, (신림동)",한식,-,27.5,신사동,-, 
양촌리,강서구,Y,Y,Y,N,Y,"모범음식점,안심식당","서울특별시 강서구 화곡로 109, 1~2층 (화곡동)",한식,"돼지갈비, 삼겹살",138.2,화곡제3동,226988592, 
하늘정원더파티,중랑구,Y,Y,N,Y,N,모범음식점,"서울특별시 중랑구 숙선옹주로 6-9, (묵동,묵동자이프라자 1단지 B101~105,B110호)",뷔페,뷔페,261.0,묵제1동,029786677, 
대가원,강서구,Y,Y,N,N,Y,"모범음식점,안심식당","서울특별시 강서구 공항대로 209, 4층 401~405호 (마곡동)",한식,생등심,107.6,가양제1동,236623902, 
대왕참치,성북구,Y,N,N,N,Y,모범음식점,"서울특별시 성북구 종암로19길 6, 2층 (종암동)",일식,참치회 정식,36.9,종암동,029213785, 
할매숯불닭갈비,성북구,N,N,N,N,Y,모범음식점,"서울특별시 성북구 동소문로20길 37-5, 1층 (동선동1가)",주점,닭갈비,16.4,동선동,029289993, 
우주미,은평구,Y,Y,N,N,Y,모범음식점,"서울특별시 은평구 은평로 185, 지하1층 (녹번동)",한식,곰국시,44.4,녹번동,023547788, 
진대감,강남구,N,N,N,Y,Y,"모범음식점,씨트립,트립어드바이저","서울특별시 강남구 테헤란로70길 25, (대치동,지상1층)",한식,차돌삼합,49.8,대치4동,-, 
돈치앤,용산구,N,N,N,N,N,모범음식점,"서울특별시 용산구 효창원로66길 7-8, (효창동,(지상1층))",일식,돈까스,18.1,효창동,231410306, 
서울 명품 민물장어,강북구,N,Y,N,Y,Y,"모범음식점,포장가능","서울특별시 강북구 월계로 19, 1층 (미아동)",한식,장어구이,28.0,송중동,029802225, 
평양면옥,강남구,N,N,N,Y,N,모범음식점,"서울특별시 강남구 논현로28길 28, (도곡동)",한식,냉면,99.9,도곡2동,205711666, 
고시레,중구,N,N,N,Y,N,모범음식점,"서울특별시 중구 명동9길 21, 1층 (명동1가)",한식,등심,63.7,명동,237891357, 
할머니 추어탕,강동구,Y,N,N,N,Y,"모범음식점,안심식당","서울특별시 강동구 구천면로 516, (명일동)",한식,추어탕,49.7,명일제2동,-, 
지우정,강북구,Y,N,N,Y,Y,모범음식점,"서울특별시 강북구 삼각산로 130, (수유동,(가오리길 37))",한식,설렁탕,29.0,수유제3동,029009333, 
담은갈비,송파구,Y,Y,N,N,Y,모범음식점,"서울특별시 송파구 삼전로 93, 지하1층,1층 (잠실동, 태정빌딩(잠실동 다세대주택))",한식,갈비,144.1,잠실본동,024238053, 
내꾸미 쭈꾸미,송파구,Y,N,N,N,Y,모범음식점,"서울특별시 송파구 성내천로 106, 지상1층 (오금동)",한식,쭈구미볶음,73.3,오금동,024436969, 
가득드림,강남구,N,N,N,N,N,모범음식점,"서울특별시 강남구 영동대로 513, 지하1층 M113호 (삼성동, 컨벤션센타 코엑스몰)",분식,도시락,11.9,삼성1동,025518288, 
경성면옥,강남구,N,N,N,Y,N,모범음식점,"서울특별시 강남구 테헤란로87길 36, 도심공항타워 B1층 06호 (삼성동)",한식,"회, 물냉면",32.8,삼성1동,-, 
이학갈비,중랑구,N,N,N,N,N,"모범음식점,안심식당","서울특별시 중랑구 면목로 310, 2층 (면목동)",한식,갈비탕,200.8,면목제7동,024370170, 
양촌리,마포구,Y,N,N,N,Y,"모범음식점,안심식당","서울특별시 마포구 토정로 304, (용강동)",일식,회,122.0,용강동,027010455, 
우리네코다리,양천구,N,N,N,N,N,모범음식점,"서울특별시 양천구 목동서로 349, 센트럴프라자 2층 201호 (신정동)",한식,코다리찜,54.9,신정6동,226508683, 
조향족발,송파구,Y,Y,N,N,Y,모범음식점,"서울특별시 송파구 충민로 5, 1층 112호 (문정동, 송파한화오벨리스크)",한식,족발,12.4,문정1동,024319556, 
하노이의아침,서대문구,N,N,N,N,N,"모범음식점,트립어드바이저","서울특별시 서대문구 연희맛로 10, (연희동,지상1층)",기타,베트남음식,37.8,연희동,-, 
도니족발,송파구,Y,Y,N,N,Y,모범음식점,"서울특별시 송파구 백제고분로41길 45, 지상1층 (송파동)",한식,고기구이,44.9,송파2동,024218576, 
풍년정육점식당,성동구,Y,N,N,Y,Y,모범음식점,"서울특별시 성동구 상원10길 6, (성수동1가)",한식,"소고기, 돼지고기",29.4,성수1가제1동,234092891, 
아방궁,강남구,N,Y,N,Y,Y,-,"서울특별시 강남구 역삼로1길 18, (역삼동,지상2층)",중식,자장면,94.6,역삼1동,025085010, 
먹깨비식당,성동구,Y,N,N,N,Y,-,"서울특별시 성동구 금호산길 49-1, 1층 (금호동2가)",한식,"갈비, 삼겹살",36.5,금호2.3가동,222349888, 
형가원 보쌈족발,동작구,N,N,N,Y,N,"모범음식점,안심식당,포장가능","서울특별시 동작구 동작대로1길 33, (사당동)",한식,보쌈,30.4,사당제1동,234735353, 
장군보쌈,서대문구,N,N,N,N,N,모범음식점,"서울특별시 서대문구 수색로 28-5, (남가좌동)",한식,보쌈,26.8,남가좌제1동,-, 
문성해물짬뽕,도봉구,N,N,N,N,N,"모범음식점,안심식당","서울특별시 도봉구 우이천로 294, A동 (쌍문동)",중식,-,28.0,쌍문제3동,029058999, 
한우일번지,구로구,N,N,N,N,N,모범음식점,"서울특별시 구로구 구로동로28길 25, (구로동)",한식,불고기,16.9,구로제2동,028647066, 
명량,강서구,N,N,N,N,N,"모범음식점,안심식당","서울특별시 강서구 양천로 401, A동 2층 210호 (가양동, 1동 강서한강자이타워)",한식,고등어조림,29.0,가양제1동,226385848, 
대한족발,중랑구,N,N,N,N,N,"모범음식점,안심식당,포장가능","서울특별시 중랑구 사가정로51길 31, (면목동, 1층)",한식,족발,31.8,면목제3.8동,0222092356, 
스시 쥬베이,금천구,N,N,N,N,N,모범음식점,"서울특별시 금천구 가산로 147, 지상1층 105호 (가산동, 가산지웰에스테이트)",일식,초밥,12.6,가산동,-, 
할머니추어탕,송파구,Y,N,N,N,Y,모범음식점,"서울특별시 송파구 석촌호수로 110, 1층,2층 (잠실동)",한식,추어탕,108.5,잠실본동,024211022, 
오뎅식당,송파구,N,N,N,N,N,모범음식점,"서울특별시 송파구 올림픽로 300, (신천동, 캐쥬얼동 지상6층)",기타,부대찌개,51.1,잠실4동,232134623, 
명갈비,동작구,N,N,N,N,N,"모범음식점,안심식당","서울특별시 동작구 상도로31길 83, (상도동)",한식,돼지갈비,53.8,상도제2동,028227656, 
마포참숯불갈비,서대문구,N,N,N,Y,N,모범음식점,"서울특별시 서대문구 응암로 145, (북가좌동,,40)",한식,갈비.삼겹살,21.0,북가좌제2동,-, 
신라삼계탕,강동구,Y,N,N,Y,Y,"모범음식점,안심식당","서울특별시 강동구 성내로6길 14-5, (성내동)",한식,삼계탕,27.2,성내제1동,024703934, 
공수간 코엑스몰,강남구,N,N,N,N,Y,"모범음식점,포장가능","서울특별시 강남구 영동대로 513, 컨벤션센터동 지하1층 H116호 (삼성동, 코엑스몰)",분식,"떡볶이, 순대, 김밥",19.7,삼성1동,-, 
단비,용산구,Y,Y,N,N,N,모범음식점,"서울특별시 용산구 한남대로20길 21-12, 1층 (한남동)",한식,한정식,33.4,한남동,027978375, 
한우리,은평구,N,N,N,N,N,"모범음식점,안심식당","서울특별시 은평구 불광로 40-7, (불광동, 1,2층)",한식,한우,31.4,불광제1동,023839292, 
마실,양천구,Y,Y,N,N,Y,"모범음식점,씨트립,안심식당,포장가능","서울특별시 양천구 목동동로 55, 밀레니엄 프라자 6층 601~603호 (신정동)",한식,한정식,113.7,신정7동,226491800, 
더두툼생고기,강동구,Y,N,N,N,N,"모범음식점,안심식당","서울특별시 강동구 구천면로 666, (상일동,(1층))",한식,삼겹살,32.9,상일제1동,024293774, 
묵동감자바우영양족발,중랑구,N,N,N,N,N,모범음식점,"서울특별시 중랑구 동일로 946, 109,9-1,13호 (묵동, 묵동신도주상복합아파트)",한식,"막국수,족발",33.1,묵제1동,029729566, 
건국갈비,광진구,Y,Y,N,N,N,모범음식점,"서울특별시 광진구 광나루로22가길 18, (화양동)",한식,돼지갈비,16.2,화양동,222010818, 
한울갈비,동작구,Y,Y,N,N,Y,"모범음식점,씨트립,안심식당","서울특별시 동작구 동작대로1길 9, (사당동)",한식,돼지갈비,50.0,사당제1동,025834118, 
웅골,강동구,Y,N,N,N,N,"모범음식점,안심식당","서울특별시 강동구 강동대로53길 18, 2층 (성내동)",한식,샤브샤브,64.9,성내제3동,024868861, 
대호아구집,관악구,Y,N,N,Y,Y,"모범음식점,안심식당","서울특별시 관악구 남부순환로 1829-9, (봉천동)",한식,-,33.4,행운동,028891700, 
두루치기김치찌개,성동구,N,N,N,N,N,모범음식점,"서울특별시 성동구 광나루로 320-1, 나동 1층 (성수동2가)",한식,김치찌개,22.7,성수2가제3동,024622255, 
문화옥,중구,N,Y,N,N,Y,"모범음식점,블루리본","서울특별시 중구 창경궁로 62-5, (주교동)",한식,설렁탕,47.4,을지로동,222650322, 
두둑한샤브칼국수,관악구,Y,Y,N,Y,Y,"모범음식점,안심식당,포장가능","서울특별시 관악구 신림로64길 17, 1층 (신림동)",한식,-,47.9,신림동,028851838, 
송추가마골,은평구,Y,N,N,N,Y,"모범음식점,안심식당,트립어드바이저,포장가능","서울특별시 은평구 북한산로 276, 2층 (진관동)",한식,"고기,냉면",45.8,진관동,023710021, 
잰부닥,강남구,Y,N,N,N,Y,"모범음식점,트립어드바이저","서울특별시 강남구 강남대로42길 13, (도곡동,지상1층)",한식,삼겹살,71.7,도곡1동,025775046, 
흥부골숯불돼지왕갈비,중랑구,Y,N,Y,N,Y,모범음식점,"서울특별시 중랑구 면목로 341, (면목동,1층)",한식,돼지갈비,87.0,면목제3.8동,024914488, 
섬집,용산구,N,N,N,Y,N,모범음식점,"서울특별시 용산구 한강대로14길 18, (한강로3가,(지상1층))",한식,"간장게장, 참게꽃게매운탕",19.8,한강로동,-, 
섬집,용산구,N,N,N,Y,N,모범음식점,"서울특별시 용산구 한강대로14길 8, 2,3,4층 (한강로3가)",한식,보리굴비,136.9,한강로동,027940084, 
고창복의 낙지세상,관악구,N,N,N,N,N,"모범음식점,안심식당","서울특별시 관악구 남부순환로 1725, (봉천동)",한식,-,91.6,은천동,028864242, 
보리보리시골밥상,성북구,N,N,N,Y,N,모범음식점,"서울특별시 성북구 솔샘로1길 19, (정릉동)",한식,가정식 백반,49.0,정릉제1동,-, 
와사비,강동구,N,N,N,Y,N,모범음식점,"서울특별시 강동구 동남로75길 13-21, (명일동)",일식,초밥,20.2,명일제2동,024288838, 
값진식육,영등포구,N,N,N,Y,N,-,"서울특별시 영등포구 선유로 58-4, 1층 (문래동3가)",한식,식육,48.7,문래동,226349288, 
진또배기,송파구,Y,N,N,N,N,"모범음식점,트립어드바이저","서울특별시 송파구 중대로9길 51, 부성빌딩 1층 (가락동)",한식,닭볶음탕,38.1,가락본동,024046888, 
쌈반,동작구,Y,N,N,N,Y,"모범음식점,안심식당","서울특별시 동작구 사당로 215, (사당동, 서림빌딩2층 201호)",한식,쌈밥,39.2,사당제3동,234777225, 
장꼬방,서초구,Y,Y,N,Y,Y,모범음식점,"서울특별시 서초구 강남대로61길 27, 1층 (서초동)",한식,단팥죽,34.9,서초제4동,025975511, 
전주본가영양돌솥밥,성동구,N,N,N,Y,N,모범음식점,"서울특별시 성동구 한림말길 18, (옥수동)",한식,영양돌솥밥,81.8,옥수동,222820220, 
동호일식,성동구,N,N,N,Y,N,모범음식점,"서울특별시 성동구 천호대로 328, (용답동)",일식,모듬회,38.5,용답동,222459616, 
이천농장정육식당,동대문구,N,N,N,N,N,모범음식점,"서울특별시 동대문구 장한로 151, 지상1층 (장안동)",한식,김치찌개,48.2,장안제1동,222123010, 
도야미리,구로구,N,N,N,N,Y,모범음식점,"서울특별시 구로구 신도림로 67, (신도림동)",한식,돼지갈비,93.5,신도림동,226356877, 
한라참치,구로구,N,N,N,Y,N,"모범음식점,안심식당","서울특별시 구로구 경인로20길 7, 1,2,3층 (오류동)",한식,참치회,28.9,오류제1동,226110011, 
개성면옥,구로구,Y,N,N,N,Y,"모범음식점,안심식당","서울특별시 구로구 가마산로 204, (구로동)",한식,냉면,79.9,구로제2동,028692760, 
우미정,금천구,N,N,N,N,N,모범음식점,"서울특별시 금천구 시흥대로138길 19, 지상1층 (독산동)",한식,생선회,28.6,독산제3동,028520107, 
24시뼈다귀탕,송파구,N,N,N,Y,N,모범음식점,"서울특별시 송파구 백제고분로 162, 대양빌딩 104호105호 (잠실동)",한식,뼈다귀감자탕,28.4,잠실본동,024174686, 
명일샤브샤브칼국수,강동구,N,N,N,N,N,-,"서울특별시 강동구 양재대로 1665, (명일동,,305-39)",분식,"버섯매운탕칼국수, 해물칼국수",45.6,명일제1동,234273043, 
낙지전문점무교동홍낙,강동구,Y,N,N,N,Y,"모범음식점,안심식당,포장가능","서울특별시 강동구 강동대로 189, (성내동,남경빌딩1층)",한식,"낙지볶음, 전골",39.9,성내제1동,024867200, 
세종대왕숯불갈비,동작구,N,N,N,N,N,"모범음식점,안심식당","서울특별시 동작구 등용로 2, (상도동)",한식,갈비탕,61.0,상도제2동,028123260, 
세종대왕숯불갈비,동작구,N,N,N,N,N,"모범음식점,안심식당","서울특별시 동작구 여의대방로 136, (대방동)",한식,돼지갈비,228.5,대방동,028232517, 
능이마을,강북구,Y,Y,N,N,Y,"모범음식점,포장가능","서울특별시 강북구 솔샘로 330, (미아동,(솔샘길 7))",한식,오리구이,127.3,송천동,029845300, 
횡성목장,노원구,N,N,N,Y,N,모범음식점,"서울특별시 노원구 노해로75길 14-19, (상계동)",한식,한우등심,27.0,상계6.7동,029355418, 
금화반점,노원구,N,N,N,N,N,"모범음식점,트립어드바이저","서울특별시 노원구 동일로 1352, 3층 (상계동)",중식,중식,57.2,상계6.7동,209383335, 
임진강장어부락,은평구,N,N,N,N,N,모범음식점,"서울특별시 은평구 진흥로 190, 1,2층 (녹번동)",한식,장어,41.6,녹번동,023543282, 
양주큰집전통순대국,도봉구,N,N,N,N,N,"모범음식점,안심식당","서울특별시 도봉구 방학로6길 32, (방학동)",한식,순대국,16.7,방학제1동,234931110, 
만가,종로구,N,N,N,Y,N,모범음식점,"서울특별시 종로구 사직로 103-19, (필운동,(지상1층))",한식,"장어, 생등심",33.3,사직동,027205797, 
나무향기,종로구,Y,N,N,N,Y,"모범음식점,안심식당","서울특별시 종로구 세종대로23길 47, 1층 108호 (당주동)",한식,오리통삼겹 장작구이,103.8,사직동,027238981, 
무교삼계탕,종로구,N,N,N,N,N,"모범음식점,트립어드바이저","서울특별시 종로구 인사동7길 37, (관훈동)",한식,삼계탕,23.1,종로1.2.3.4가동,-, 
한국회관,서초구,Y,N,N,Y,N,모범음식점,"서울특별시 서초구 사평대로18길 10, (반포동,가동 1층,2층)",한식,"한우,탕",106.0,반포제4동,025953355, 
와가마마,동작구,N,N,N,N,N,"모범음식점,안심식당,트립어드바이저","서울특별시 동작구 만양로14길 12, (노량진동)",양식,돈가스,59.6,노량진제1동,028232225, 
전주돌밥추어탕,구로구,Y,N,N,N,Y,모범음식점,"서울특별시 구로구 경인로23길 8, 2층 201호 (오류동, 대서프라자)",한식,추어탕,36.3,오류제1동,226881528, 
수현회집,성동구,N,N,N,N,N,모범음식점,"서울특별시 성동구 무학봉28길 12, 지상1층 (행당동, 286-17)",일식,"생선회, 매운탕",36.9,행당제1동,0222959524, 
홍어천국,중랑구,N,N,N,N,N,모범음식점,"서울특별시 중랑구 면목로 421, 2층 (면목동)",한식,홍어,32.5,면목본동,024364757, 
아야진생태찌개,강남구,Y,N,N,Y,Y,"모범음식점,트립어드바이저,포장가능","서울특별시 강남구 삼성로108길 8, (삼성동,(101호))",한식,생태찌개,56.1,삼성1동,025552680, 
놀부부대찌개,마포구,N,N,N,N,N,"모범음식점,안심식당","서울특별시 마포구 월드컵북로 396, 누리꿈스퀘어 지1층 B1035 A호, B1036일부 호 (상암동)",한식,부대찌개,25.5,상암동,0221328787, 
제임스 키친,노원구,N,Y,N,N,Y,모범음식점,"서울특별시 노원구 노해로81길 12-26, (상계동,삼원빌딩2층)",양식,스파게티,37.1,상계2동,029524748, 
참치애난,강동구,N,N,N,N,N,"모범음식점,안심식당","서울특별시 강동구 천호옛14길 32, (성내동)",일식,참치회,25.0,성내제2동,024843782, 
먹보네쌈밥,노원구,N,N,N,N,N,모범음식점,"서울특별시 노원구 동일로230가길 15, 108,109호 (상계동, 우방아파트상가)",한식,쌈밥,27.4,상계1동,029347151, 
중국성,구로구,N,N,N,Y,N,모범음식점,"서울특별시 구로구 서해안로26길 12, 1층 (오류동)",중식,짜장면,25.7,오류제2동,226856444, 
선사복집,강동구,Y,N,N,N,Y,"모범음식점,안심식당,트립어드바이저,포장가능","서울특별시 강동구 올림픽로 811, (암사동)",일식,"복지리,복찜",59.9,암사제2동,234268810, 
한세희복집,성동구,Y,Y,N,N,Y,모범음식점,"서울특별시 성동구 성수이로7가길 6, 2층 (성수동2가)",한식,복요리전문,49.5,성수2가제1동,024975550, 
씽푸,성북구,N,N,N,N,N,"모범음식점,씨트립,트립어드바이저","서울특별시 성북구 동소문로10길 6, (동소문동3가)",중식,짜장면,20.0,삼선동,-, 
다채,용산구,Y,N,N,N,Y,"모범음식점,포장가능","서울특별시 용산구 녹사평대로 66, (동빙고동,상가동2,3,4,5호(지하3층))",한식,쌈밥정식,58.6,서빙고동,027929233, 
양평해장국,광진구,Y,N,N,N,N,"모범음식점,포장가능","서울특별시 광진구 동일로 402, (중곡동)",한식,해장국,34.6,중곡제3동,029766820, 
등촌샤브칼국수,강서구,N,N,N,N,N,"모범음식점,안심식당","서울특별시 강서구 강서로56가길 65, 아트빌딩 2층 (등촌동)",한식,칼국수,51.0,등촌제3동,226599318, 
화로구이,강서구,Y,N,Y,N,Y,"모범음식점,안심식당","서울특별시 강서구 강서로 374, 1~3층 (등촌동)",한식,돼지갈비,291.8,등촌제3동,236633292, 
크래버대게나라,강남구,Y,N,N,N,Y,"모범음식점,트립어드바이저","서울특별시 강남구 언주로 620, 지상1층 1호 (논현동)",한식,대게,134.2,논현1동,-, 
진짜루,노원구,N,N,N,N,N,모범음식점,"서울특별시 노원구 광운로 33, 지하층 (월계동)",중식,짜장면,49.7,월계1동,029186282, 
남한강물고기,중랑구,N,N,N,N,N,"모범음식점,안심식당","서울특별시 중랑구 양원역로8길 26, (망우동)",한식,매운탕,58.6,망우본동,024346644, 
제주뜰향 갈치전문점,송파구,N,N,N,N,N,모범음식점,"서울특별시 송파구 중대로23길 7, 1층 (가락동)",기타,제주산갈치,38.3,가락1동,024002281, 
기와,용산구,N,N,N,N,N,모범음식점,"서울특별시 용산구 한강대로21나길 40, (한강로3가, 40-712 지상1층)",한식,한정식,395.1,한강로동,027107777, 
도봉산 갈비,도봉구,N,N,N,N,N,포장가능,"서울특별시 도봉구 도봉로 919, (도봉동, 지상1층일부, 2층, 3층전체)",한식,돼지갈비,148.7,도봉제1동,029558668, 
망향비빔국수,강서구,N,N,N,N,N,"모범음식점,안심식당","서울특별시 강서구 양천로 720, 가동 1층 (염창동, 유동빌딩)",한식,비빔국수,79.9,염창동,226596599, 
삼보성,마포구,Y,Y,N,N,Y,"모범음식점,안심식당","서울특별시 마포구 창전로 32, (구수동,외1필지 1층)",중식,-,31.9,신수동,-, 
조수사,강남구,N,N,N,Y,N,모범음식점,"서울특별시 강남구 테헤란로14길 6, (역삼동)",일식,회,68.7,역삼1동,205641133, 
평가옥,종로구,N,N,N,N,N,"모범음식점,안심식당","서울특별시 종로구 새문안로5길 19, 로얄빌딩 지하1층 8,12,13,14호 (당주동)",한식,전골,84.1,사직동,027321566, 
짚터,은평구,N,N,N,N,N,모범음식점,"서울특별시 은평구 갈현로 212, 1층 (갈현동)",한식,삼겹살,28.6,갈현제1동,023562113, 
서초아구찜,서초구,Y,Y,N,N,Y,모범음식점,"서울특별시 서초구 효령로55길 15, 1층 105호 (서초동)",한식,아구찜,19.1,서초제2동,-, 
명동함흥면옥,중구,Y,N,N,N,N,모범음식점,"서울특별시 중구 명동10길 35-19, (명동2가, 1층~2층)",한식,회냉면,57.5,명동,027768430, 
유정우함흥냉면,동작구,N,N,N,N,N,"모범음식점,안심식당","서울특별시 동작구 동작대로29다길 7-1, (사당동, 1층)",한식,냉면,19.7,사당제2동,234780105, 
이조손칼국수,구로구,N,N,N,N,N,모범음식점,"서울특별시 구로구 공원로7길 22, (구로동)",한식,칼국수,15.1,구로제5동,028682633, 
탄뽀뽀,광진구,N,N,N,N,N,"모범음식점,안심식당","서울특별시 광진구 광나루로56길 85, (구의동,테크노마트21 9층38)",일식,초밥,26.9,구의제3동,024074956, 
대청뼈다귀감자탕,강남구,Y,Y,N,Y,Y,모범음식점,"서울특별시 강남구 일원로9길 26, (일원동,지상1층)",한식,뼈다귀 감자탕,20.3,일원1동,024456404, 
윗세오름,송파구,N,N,N,Y,N,모범음식점,"서울특별시 송파구 삼학사로 87, (삼전동)",한식,제주오겹살,16.0,삼전동,024228577, 
금강수림,강남구,Y,Y,N,Y,Y,모범음식점,"서울특별시 강남구 강남대로 240, (도곡동,양재SK허브프리모 지하2층)",한식,장어,86.2,도곡1동,25779992, 
청정옥,성동구,N,N,N,Y,N,모범음식점,"서울특별시 성동구 상원길 19, 104호 (성수동1가, 신한IT타워)",한식,샤브샤브,52.6,성수1가제2동,024683800, 
최강낙지,동대문구,N,N,N,N,N,"모범음식점,안심식당","서울특별시 동대문구 고산자로28길 21, (용두동,지하1층)",한식,낙지비빔밥,40.2,용두동,260806255, 
청춘구락부,마포구,Y,Y,N,Y,Y,"모범음식점,안심식당,포장가능","서울특별시 마포구 토정로 308, 1, 2층 (용강동)",한식,소등심,110.4,용강동,027021399, 
횟집 산이네,은평구,N,Y,N,N,Y,"모범음식점,안심식당","서울특별시 은평구 통일로66길 4-1, 1층 (불광동)",일식,생선회,40.8,불광제1동,023845466, 
백미향,마포구,N,N,N,Y,N,모범음식점,"서울특별시 마포구 성지길 27, (합정동,1층)",중식,-,45.2,합정동,023128253, 
능동순두부,광진구,N,N,N,Y,N,모범음식점,"서울특별시 광진구 동일로60길 24, (군자동)",한식,해물순두부,24.4,군자동,024981753, 
수유감자탕,강북구,N,N,N,Y,N,모범음식점,"서울특별시 강북구 수유로 82, 1층 (수유동)",한식,한정식,30.8,인수동,029040685, 
담쟁이,성동구,N,N,N,N,N,모범음식점,"서울특별시 성동구 왕십리로20길 11-1, (도선동,(1층))",한식,만두전골,16.9,왕십리도선동,222825264, 
서울뚝배기,중구,N,N,N,N,N,모범음식점,"서울특별시 중구 수표로6길 1, (충무로3가)",한식,뚝배기,30.7,필동,222630596, 
마산아구찜,강서구,N,N,N,N,N,"모범음식점,안심식당","서울특별시 강서구 금낭화로 135, 3층 (방화동, 3동)",한식,대구탕,31.1,방화제3동,226651527, 
옛날마차,구로구,Y,Y,N,N,Y,모범음식점,"서울특별시 구로구 디지털로32길 97-16, (구로동)",한식,삼겹살,51.4,구로제3동,028538844, 
함지박,동작구,N,N,N,N,N,"모범음식점,안심식당","서울특별시 동작구 상도로37길 68-1, (상도동)",한식,우렁쌈밥,17.4,상도제1동,028156007, 
청진동 해장국,금천구,Y,Y,N,Y,Y,모범음식점,"서울특별시 금천구 시흥대로 102, 101호 (시흥동)",한식,선지해장국,33.0,시흥제3동,-, 
곱창하우스,성동구,N,N,N,N,N,모범음식점,"서울특별시 성동구 마조로7길 12, (행당동)",한식,곱창요리,18.0,사근동,222924978, 
신의주찹쌀순대,강남구,Y,N,N,N,Y,"모범음식점,트립어드바이저","서울특별시 강남구 양재대로27길 6, (일원동,지상1층)",한식,순대국밥,31.0,일원1동,-, 
나주막회,동대문구,N,N,N,N,N,모범음식점,"서울특별시 동대문구 서울시립대로 62-1, (전농동,지상1층~지하1층)",일식,광어매운탕,42.7,전농제1동,222421310, 
이북집찹쌀순대,용산구,N,N,N,Y,N,모범음식점,"서울특별시 용산구 한강대로40길 19, 2층 (한강로2가)",한식,순대국밥,52.1,한강로동,027930964, 
눈나무집,종로구,N,N,N,Y,N,"모범음식점,안심식당","서울특별시 종로구 삼청로 136-1, 1,2,3층 (삼청동)",한식,"떡갈비,김치말이국수",31.3,삼청동,027396742, 
곱창대장,구로구,Y,N,N,N,N,모범음식점,"서울특별시 구로구 공원로6나길 46, 1층 (구로동)",한식,곱창구이,31.5,구로제5동,028566066, 
명동중일회관,중구,N,N,N,N,N,모범음식점,"서울특별시 중구 퇴계로18길 18, (남산동1가)",한식,한우,13.0,명동,-, 
등촌샤브칼국수,광진구,Y,Y,N,Y,N,모범음식점,"서울특별시 광진구 용마산로 128, (중곡동)",분식,샤브샤브,39.3,중곡제4동,024546889, 
취락한방능이백숙,강서구,N,N,N,Y,N,"모범음식점,안심식당","서울특별시 강서구 화곡로53길 7-8, 1층 (화곡동)",한식,능이백숙,28.0,화곡제6동,226028478, 
은행골,도봉구,Y,N,N,N,Y,"모범음식점,안심식당,포장가능","서울특별시 도봉구 마들로 684, (도봉동, 안세빌딩 101,102호(지상1층))",한식,모듬초밥,19.2,도봉제2동,029554988, 
민스키친,서대문구,Y,N,N,N,Y,모범음식점,"서울특별시 서대문구 연희맛로 7, (연희동)",한식,콩나물냉채,34.0,연희동,-, 
민어사랑,서초구,N,N,N,N,N,"모범음식점,트립어드바이저","서울특별시 서초구 효령로 182-8, 1층 (방배동)",한식,민어탕,49.2,방배제3동,-, 
왕비집,중구,N,Y,N,N,Y,"모범음식점,포장가능","서울특별시 중구 명동8가길 26, 2층 (충무로2가)",한식,소왕갈비,55.4,명동,0237891945, 
오복함흥냉면,용산구,N,N,N,N,N,모범음식점,"서울특별시 용산구 한강대로84길 4, 1층 (남영동)",한식,회냉면,34.6,남영동,027036357, 
대관령 두부마을,강동구,N,Y,N,Y,N,"모범음식점,안심식당","서울특별시 강동구 성안로3길 99, (성내동)",한식,"순두부, 황태구이",36.0,성내제1동,024711331, 
선진국낙지마당,동대문구,N,N,N,N,N,모범음식점,"서울특별시 동대문구 장한로 149-1, (장안동)",한식,-,32.1,장안제1동,222150564, 
봉우리,강남구,Y,Y,N,N,Y,"모범음식점,블루리본","서울특별시 강남구 논현로94길 25-3, (역삼동)",한식,한정식,179.7,역삼1동,-, 
흥부골숯불갈비,동대문구,N,N,N,Y,N,"모범음식점,트립어드바이저","서울특별시 동대문구 장한로 149, (장안동)",한식,돼지갈비,41.8,장안제2동,0222485694, 
배수사,양천구,Y,Y,N,Y,N,"모범음식점,안심식당","서울특별시 양천구 신목로 108-10, 1층 (목동)",일식,생선회,41.2,목1동,226523417, 
동의보쌈칼국수냉면,동대문구,N,N,N,N,N,모범음식점,"서울특별시 동대문구 장한로 157, (장안동)",한식,보쌈,20.6,장안제1동,0222426363, 
만두전빵,성동구,N,N,N,N,N,"모범음식점,트립어드바이저","서울특별시 성동구 행당로15길 2-1, (행당동)",한식,"만두전골, 냉면",42.7,행당제2동,222926882, 
부추삼겹살 딱이야,관악구,N,Y,N,N,N,"모범음식점,안심식당","서울특별시 관악구 신림동5길 49, 1층 (신림동)",한식,-,28.3,신림동,-, 
수서골목냉면,강남구,N,N,N,N,N,모범음식점,"서울특별시 강남구 광평로 232, (수서동,지상1층)",한식,냉면,30.0,수서동,024517157, 
정든소문난순대국,금천구,N,N,N,Y,N,모범음식점,"서울특별시 금천구 시흥대로123길 24, (독산동, 지상1층)",한식,순대국,39.3,독산제1동,028638429, 
아그라,강서구,N,N,N,N,N,"모범음식점,안심식당","서울특별시 강서구 하늘길 38, 김포공항, 롯데몰, 스카이시티 지하1층 (방화동)",아시안음식,버터치킨마크니,60.3,방화제2동,218007634, 
유천냉면,송파구,Y,Y,N,N,Y,"모범음식점,블루리본,트립어드바이저,포장가능","서울특별시 송파구 강동대로3길 22, 1층 (풍납동)",한식,냉면,101.9,풍납1동,024194000, 
대복,중구,Y,Y,N,N,N,모범음식점,"서울특별시 중구 세종대로14길 22, (북창동)",한식,복매운탕,10.8,소공동,207550189, 
세림,중구,N,N,N,N,N,모범음식점,"서울특별시 중구 을지로1길 32-3, (다동)",한식,등심,25.3,명동,207771797, 
서울 삼계탕,중구,N,N,N,N,Y,모범음식점,"서울특별시 중구 마른내로 19, 외 1필지 2층 (저동2가)",한식,삼계탕,46.3,을지로동,222631743, 
강가,중구,Y,Y,N,N,Y,"모범음식점,포장가능","서울특별시 중구 세종대로 136, (태평로1가,서울파이낸스센타 지하2층)",양식,커리,75.1,명동,37830610, 
황제갈비,관악구,N,N,N,N,N,"모범음식점,안심식당","서울특별시 관악구 남부순환로 1644, (신림동,,-29  지상2층,3층)",한식,-,208.7,서원동,028889665, 
풍천장어,송파구,Y,N,N,N,Y,"모범음식점,트립어드바이저","서울특별시 송파구 중대로9길 36, 지상1층 (가락동)",한식,장어구이,37.7,가락본동,024096255, 
파챠이,금천구,N,N,N,Y,N,모범음식점,"서울특별시 금천구 가산디지털1로 88, 106호 (가산동, IT프리미어타워)",한식,자장면,46.8,가산동,-, 
서울고깃집,용산구,N,N,N,N,N,모범음식점,"서울특별시 용산구 한강대로104길 20, 1층 (동자동)",한식,숙성통삼겹,12.8,남영동,027771015, 
거구회관,동작구,N,N,N,N,N,모범음식점,"서울특별시 동작구 등용로14길 76, 1층 (노량진동)",한식,오리구이,18.1,노량진제2동,028270911, 
나주곰탕,영등포구,N,N,N,N,N,"모범음식점,씨트립","서울특별시 영등포구 영등포로 216-1, 1층 (영등포동3가)",한식,곰탕,69.9,영등포동,226787898, 
나주곰탕,영등포구,N,N,N,N,N,"모범음식점,씨트립","서울특별시 영등포구 여의나루로 113, (여의도동)",한식,곰탕,32.2,여의동,027843177, 
수락산풍천장어,노원구,Y,Y,N,Y,N,"모범음식점,트립어드바이저","서울특별시 노원구 동일로242길 48, 다온빌딩 1층 (상계동)",한식,장어구이,21.0,상계1동,029488466, 
마리오푸드,구로구,N,N,N,Y,N,모범음식점,"서울특별시 구로구 디지털로30길 28, 106,107,108호 (구로동, 마리오타워)",한식,백반(뷔페),205.8,구로제3동,028906637, 
묵호,강동구,N,Y,N,N,N,"모범음식점,안심식당","서울특별시 강동구 천호옛길 40, (성내동)",일식,초밥,12.7,성내제2동,024749399, 
동해일식,중구,N,N,N,N,N,모범음식점,"서울특별시 중구 무교로 16, (무교동)",일식,대구탕,59.9,명동,027544161, 
대추나무골감자탕,관악구,Y,Y,N,N,Y,"모범음식점,안심식당,포장가능","서울특별시 관악구 조원중앙로 42, 1층 (신림동)",한식,-,31.9,조원동,-, 
연희녹두삼계탕,서대문구,N,N,N,Y,N,"모범음식점,트립어드바이저","서울특별시 서대문구 연희맛로 4, 동아빌딩 2층 (연희동)",한식,삼계탕,50.0,연희동,-, 
동천홍,용산구,Y,Y,N,Y,Y,"모범음식점,포장가능","서울특별시 용산구 두텁바위로 69, (후암동)",중식,중식코스,87.7,후암동,027797781, 
천수촌,성북구,N,N,N,N,N,모범음식점,"서울특별시 성북구 장위로 145, 2층 (장위동)",한식,갈비찜,79.2,장위제1동,029143377, 
대박집,강서구,N,N,N,N,N,모범음식점,"서울특별시 강서구 강서로 489-4, 1층 (가양동, 1동)",한식,삼겹살,56.7,가양제1동,236628292, 
작은깡통,강동구,N,N,N,N,N,모범음식점,"서울특별시 강동구 양재대로124길 47, (길동)",한식,"돼지, 소고기",18.0,길동,024131661, 
니뽕내뽕,광진구,N,Y,N,N,N,모범음식점,"서울특별시 광진구 동일로20길 60, 1층 (자양동)",중식,짬뽕,24.8,자양제4동,024991828, 
호남 해물탕,강북구,N,N,N,Y,N,모범음식점,"서울특별시 강북구 한천로139길 42, (수유동)",한식,해물뚝배기,20.9,수유제3동,029967582, 
수작,강북구,N,N,N,N,N,모범음식점,"서울특별시 강북구 한천로 1173, (수유동)",한식,회,17.1,수유제2동,029962627, 
스파게티가있는풍경,종로구,N,Y,N,N,N,모범음식점,"서울특별시 종로구 새문안로 103-1, 2층 (신문로1가)",기타,스파게티,27.6,사직동,027387018, 
항아리수제비,양천구,Y,N,N,N,N,"모범음식점,안심식당","서울특별시 양천구 신정중앙로23길 12, 2층 (신정동)",한식,수제비,27.6,신정4동,226044015, 
담쟁이,용산구,Y,N,N,N,N,모범음식점,"서울특별시 용산구 한강대로76길 11-8, (남영동,(지상1층))",기타,전복삼계탕,22.5,남영동,027979288, 
원조마포소금구이,성북구,Y,Y,N,N,Y,모범음식점,"서울특별시 성북구 화랑로40길 55, (석관동)",한식,삼겹살,28.0,석관동,029698292, 
평래옥,중구,N,N,N,N,N,"모범음식점,블루리본","서울특별시 중구 마른내로 21-1, (저동2가,1층,2층)",한식,냉면,74.0,을지로동,222675892, 
남도사계고운님,강남구,N,N,N,Y,N,모범음식점,"서울특별시 강남구 삼성로81길 22, 한정빌딩 지상2층 (대치동)",한식,"도다리,전어,생굴",90.3,대치1동,025629292, 
이금옥샤브샤브칼국수,관악구,Y,N,N,N,Y,"모범음식점,안심식당","서울특별시 관악구 관악로 132, 2층 (봉천동)",한식,-,33.3,낙성대동,028715417, 
막불감동,관악구,N,Y,N,N,Y,-,"서울특별시 관악구 남부순환로 1599, 지하1층 (신림동)",한식,-,35.7,신림동,028822110,Y
대보명가,강북구,Y,N,N,Y,Y,모범음식점,"서울특별시 강북구 4.19로 69, (수유동)",한식,한정식,219.7,우이동,029076998, 
평택고여사집냉면,서대문구,N,N,N,N,N,"모범음식점,안심식당","서울특별시 서대문구 연희로 81-9, (연희동,(지상1층))",한식,평양식 물냉면,27.2,연희동,-, 
비나레스토랑,동대문구,N,N,N,N,N,모범음식점,"서울특별시 동대문구 안암로24길 4, 1층 (제기동)",양식,램(양고기),42.5,제기동,029265860, 
미자식당,동작구,N,N,N,N,N,모범음식점,"서울특별시 동작구 노들로 674, 지상2층 8호 (노량진동)",한식,회,63.4,노량진제2동,028150324, 
죽변항,성동구,N,N,N,N,N,모범음식점,"서울특별시 성동구 상원길 40, 지상1층 110,111호 (성수동1가, 뚝섬현대아파트상가동)",한식,"회, 조림",16.7,성수1가제2동,024657487, 
갯바위,관악구,N,N,N,N,N,"모범음식점,블루리본,안심식당","서울특별시 관악구 남부순환로216길 13, 1층 (봉천동)",한식,-,12.1,청룡동,-, 
권참치,동작구,N,N,N,N,N,"모범음식점,안심식당","서울특별시 동작구 사당로30길 142, (사당동,2층)",일식,참치,46.4,사당제1동,025977080, 
웨스턴차이나,용산구,N,N,N,N,N,"모범음식점,트립어드바이저","서울특별시 용산구 독서당로 73, (한남동)",중식,딤섬,90.7,한남동,027956751, 
마포숯불갈비,강남구,N,N,N,Y,Y,"모범음식점,블루리본","서울특별시 강남구 도산대로 232, (논현동)",한식,돼지갈비,105.0,논현2동,025161522, 
우작설렁탕,서초구,N,N,N,Y,N,"모범음식점,씨트립","서울특별시 서초구 서초중앙로6길 7, (서초동)",한식,설렁탕,33.4,서초제1동,025848544, 
황톳길,마포구,N,Y,N,N,N,"모범음식점,안심식당","서울특별시 마포구 마포대로11길 15-7, (공덕동)",한식,비빔밥,27.2,공덕동,232729240, 
감촌,종로구,N,N,N,Y,N,"모범음식점,씨트립,안심식당","서울특별시 종로구 종로 19, 5층 511호 일부, 512호 (종로1가)",한식,순두부,74.0,종로1.2.3.4가동,027337035, 
옥천집,양천구,N,N,N,N,N,모범음식점,"서울특별시 양천구 목동로21길 4, 1층 (신정동)",한식,청국장,22.7,신정4동,226954554, 
공항칼국수,강서구,N,N,N,N,N,모범음식점,"서울특별시 강서구 공항대로 18-1, 지하 1층 (공항동, 이스카이오피스텔)",한식,칼국수,117.5,공항동,226649748, 
다흰정,중구,N,N,N,N,Y,"모범음식점,포장가능","서울특별시 중구 남대문로 2, (남대문로4가,(지상2층))",양식,삼겹살,86.2,회현동,023182141, 
정원 송파나루,송파구,Y,Y,N,N,N,모범음식점,"서울특별시 송파구 석촌호수로 234, 1층 (석촌동)",한식,갈치조림,26.4,석촌동,024137080, 
발산삼계탕,강서구,Y,Y,N,Y,Y,"모범음식점,씨트립,안심식당","서울특별시 강서구 강서로 344, 1~2층 (내발산동)",한식,삼계탕,93.1,우장산동,236623930, 
참만나,노원구,N,N,N,N,N,모범음식점,"서울특별시 노원구 화랑로 443, 3층 (공릉동)",한식,돼지갈비,74.5,공릉1동,029741500, 
송이하랑,서초구,N,N,N,Y,N,모범음식점,"서울특별시 서초구 서초대로 21, (방배동,지상1층,2층)",한식,삼겹살,44.8,방배제4동,025994499, 
대가방,강남구,N,N,N,Y,N,모범음식점,"서울특별시 강남구 봉은사로 333, 지상1층 101호,102호일부호 (논현동, 선정릉역 모아엘가 퍼스트 홈)",중식,"자장면, 짬뽕",150.0,논현1동,025446336, 
함흥본가면옥,광진구,Y,N,N,N,Y,"모범음식점,씨트립","서울특별시 광진구 광나루로 456, 1~2층 (화양동)",한식,냉면,127.3,화양동,024478806, 
평가옥,서초구,N,N,N,N,N,-,"서울특별시 서초구 논현로 69, (양재동,1층,2층)",한식,"냉면, 국밥",83.1,양재제2동,0234621577, 
향촌,양천구,Y,Y,N,Y,N,"모범음식점,안심식당","서울특별시 양천구 목동중앙서로 46, 지하 1층 (목동)",한식,돼지갈비,43.9,목4동,226539020, 
민속손국시,광진구,N,N,N,N,N,모범음식점,"서울특별시 광진구 아차산로 458, (구의동)",분식,칼국수,23.4,구의제3동,024447833, 
홍영재 장수 청국장,강남구,Y,Y,N,N,Y,"모범음식점,블루리본,트립어드바이저","서울특별시 강남구 영동대로 424, 지상1층 (대치동)",한식,청국장,120.6,대치2동,-, 
곰달래감자탕,양천구,N,N,N,N,N,"모범음식점,안심식당","서울특별시 양천구 남부순환로 368, 1층 (신월동)",한식,감자탕,47.3,신월3동,226083350, 
어양,송파구,Y,N,N,N,N,모범음식점,"서울특별시 송파구 위례성대로 14, 지하1층 (방이동)",한식,"팔보채, 탕수육",273.0,방이2동,024228886, 
홍두깨손칼국수,양천구,Y,N,N,N,N,"모범음식점,안심식당,포장가능","서울특별시 양천구 남부순환로 589, 1층 (신월동, 조광아파트)",한식,칼국수,28.0,신월6동,226968193, 
샛집남원추어탕,송파구,N,N,N,Y,N,모범음식점,"서울특별시 송파구 오금로11길 7-12, (방이동)",한식,추어탕,28.3,방이2동,024218163, 
서안,중구,N,N,N,N,N,"모범음식점,트립어드바이저","서울특별시 중구 정동길 8, (정동,(2층))",중식,중식코스요리,66.8,소공동,027551122, 
이강순실비집,영등포구,N,N,N,Y,Y,"모범음식점,안심식당","서울특별시 영등포구 영등포로46길 8, (영등포동3가,1~2층)",한식,낚지볶음,58.5,영등포동,226781969, 
들깨향 장수밀,관악구,Y,Y,N,N,Y,"모범음식점,안심식당","서울특별시 관악구 봉천로 355, 1층 (봉천동)",한식,-,0.0,은천동,028828443, 
옛골참숯불갈비,중랑구,Y,N,Y,N,Y,모범음식점,"서울특별시 중랑구 상봉중앙로6가길 34, (상봉동)",한식,돼지왕갈비,27.4,상봉제1동,024915545, 
왕비집 육호점,중구,N,Y,N,N,Y,모범음식점,"서울특별시 중구 남대문로 64, (명동2가,동호수90번지)",양식,삼겹살,61.6,명동,237891544, 
셰프테이너,용산구,Y,Y,N,N,Y,"모범음식점,블루리본","서울특별시 용산구 이태원로27길 101, (이태원동,(지하1층))",양식,등심스테이크,45.9,이태원제1동,027949172, 
전주풍남회관,중구,N,N,N,N,N,"모범음식점,트립어드바이저","서울특별시 중구 세종대로21길 48, (태평로1가)",한식,"삼겹살,계란찜",29.9,명동,207362144, 
나루터,마포구,N,N,N,Y,N,"모범음식점,안심식당","서울특별시 마포구 마포대로4길 32-4, (도화동)",한식,한정식,16.9,도화동,027165292, 
미운오리,성북구,N,N,N,Y,Y,모범음식점,"서울특별시 성북구 보문로 123, (보문동2가,(1층))",한식,오리고기,34.1,보문동,029239999, 
논현삼계탕,송파구,N,N,N,Y,N,"모범음식점,씨트립","서울특별시 송파구 송이로 138, 수빌딩 1층 101호 (가락동)",한식,삼계탕,60.0,가락본동,024183377, 
청와옥,송파구,Y,Y,N,N,Y,"모범음식점,포장가능","서울특별시 송파구 삼학사로 96, (석촌동)",일식,"순대국, 오징어수육",36.0,석촌동,024173738, 
소우가,중랑구,N,N,N,N,N,"모범음식점,안심식당","서울특별시 중랑구 면목로 285, (면목동)",한식,소갈비살 안창살,68.6,면목제7동,024343066, 
대호정,금천구,N,N,N,Y,N,모범음식점,"서울특별시 금천구 시흥대로52길 51, (시흥동,지상1층 (대명시장길 16))",한식,식육,35.6,시흥제1동,208020974, 
스시미노루,송파구,Y,Y,N,N,Y,모범음식점,"서울특별시 송파구 백제고분로 508, 지상1층 (방이동)",일식,회전초밥,73.8,방이2동,024187711, 
가원,강남구,Y,N,N,N,Y,모범음식점,"서울특별시 강남구 광평로 234, (수서동,지상2,3층)",한식,오리구이,84.5,수서동,-, 
왕가설농탕,영등포구,N,N,N,Y,N,"모범음식점,트립어드바이저","서울특별시 영등포구 양산로19길 3, (당산동3가, 1층)",한식,설농탕,109.5,당산제1동,226750365, 
일미원,강남구,N,N,N,N,N,모범음식점,"서울특별시 강남구 광평로46길 5-6, 지상1층,지하1층 (수서동)",한식,복,64.0,수서동,234120084, 
강포복집,영등포구,N,N,N,Y,N,"모범음식점,안심식당,트립어드바이저","서울특별시 영등포구 국회대로54길 35, 102호 (영등포동2가)",일식,복어,29.8,영등포동,226324454, 
길맨참치,영등포구,N,N,N,Y,N,"모범음식점,안심식당","서울특별시 영등포구 영중로4길 4, (영등포동3가,1~2층)",일식,참치회,49.6,영등포동,226343737, 
몽실이네토종한우,성동구,N,N,N,Y,N,모범음식점,"서울특별시 성동구 마장로35길 70, 1층, 2층 (마장동)",한식,한우,53.8,마장동,222993365, 
산해진미,강북구,Y,N,N,Y,N,모범음식점,"서울특별시 강북구 솔샘로68길 19, (미아동,(솔샘로68길19))",한식,해물탕,25.7,송천동,029835217, 
꽃새우 영번지,강남구,Y,Y,N,N,Y,"모범음식점,포장가능","서울특별시 강남구 언주로 536, (역삼동,1층)",한식,새우구이,49.9,역삼1동,-, 
다채,동작구,Y,Y,N,N,Y,"모범음식점,안심식당,트립어드바이저,포장가능","서울특별시 동작구 알마타길 6, (대방동,지하1층 113호,114호)",한식,쌈밥,45.9,대방동,028153392, 
이도곰탕,강남구,N,N,N,N,N,"모범음식점,블루리본,트립어드바이저","서울특별시 강남구 논현로94길 29-5, 지상1층,지상2층 (역삼동)",한식,곰탕,58.8,역삼1동,025010738, 
명동관,강남구,Y,Y,N,Y,N,모범음식점,"서울특별시 강남구 남부순환로 2912, (대치동,센트럴500지하1층103,104호)",한식,한식,59.6,대치1동,025638882, 
옛날손짜장,강동구,N,N,N,Y,N,"모범음식점,안심식당","서울특별시 강동구 구천면로 436, (명일동)",중식,"자장면,중식요리",29.9,명일제1동,34268600, 
산채향,중구,Y,N,N,N,Y,모범음식점,"서울특별시 중구 청계천로 8, (무교동,프리미어 플레이스빌딩지하1층)",한식,더덕요리전문점,79.3,명동,027782959, 
차이홍,영등포구,Y,Y,N,Y,Y,"모범음식점,안심식당,포장가능","서울특별시 영등포구 여의나루로 42, (여의도동,223,224,225,226,227,228)",중식,중화요리,70.9,여의동,027822918, 
돼지네,성동구,Y,N,N,Y,N,모범음식점,"서울특별시 성동구 연무장7길 12, (성수동2가)",한식,삼겹살,27.5,성수2가제1동,024646365, 
수미산정,영등포구,Y,N,N,Y,N,트립어드바이저,"서울특별시 영등포구 여의나루로 42, (여의도동,401호)",한식,갈비,34.1,여의동,027831324, 
여일정,영등포구,N,N,N,N,N,"모범음식점,안심식당,트립어드바이저","서울특별시 영등포구 국제금융로6길 7, (여의도동,한양빌딩 지하101호)",한식,설렁탕,46.8,여의동,027806273, 
이도식당,영등포구,N,N,N,Y,N,"모범음식점,안심식당","서울특별시 영등포구 국회대로68길 11, (여의도동, 지하1층)",한식,샤브샤브,71.9,여의동,027864166, 
한방대가삼계탕,강남구,Y,Y,N,N,Y,"모범음식점,포장가능","서울특별시 강남구 역삼로5길 22, 2층 (역삼동)",한식,삼계탕,98.6,역삼1동,024045613, 
통영집,강남구,N,N,N,N,N,모범음식점,"서울특별시 강남구 논현로 511, (역삼동,지하1층)",한식,생선,85.2,역삼1동,-, 
길조,강동구,Y,N,N,Y,Y,"모범음식점,안심식당","서울특별시 강동구 천호대로 1173, (길동)",한식,"해물탕, 찜",48.5,길동,024769494, 
황도바지락칼국수,강동구,N,N,N,Y,N,"모범음식점,안심식당","서울특별시 강동구 천호대로 1256, (둔촌동,(행정구역개편))",한식,칼국수,86.5,둔촌제2동,024846554, 
토속한방삼계탕,강동구,Y,Y,N,Y,Y,"모범음식점,안심식당","서울특별시 강동구 천호대로 1152, 105동 101호 (둔촌동,광남캐스빌아파트)",한식,삼계탕,36.3,둔촌제2동,4885033, 
원양참치,영등포구,N,Y,N,Y,N,"모범음식점,안심식당,포장가능","서울특별시 영등포구 당산로32길 5, (당산동3가)",일식,참치회,27.8,당산제1동,226710033, 
옛날불고기,강동구,N,N,N,N,N,"모범음식점,안심식당","서울특별시 강동구 상암로12길 4, (천호동)",한식,불고기,74.7,천호제2동,024779236, 
화수목,영등포구,Y,N,N,Y,Y,"모범음식점,안심식당","서울특별시 영등포구 선유로 49, (문래동6가,102호)",한식,밀전병,81.7,문래동,226726541, 
장어가,도봉구,N,N,N,Y,N,"모범음식점,안심식당","서울특별시 도봉구 도봉로 911, (도봉동)",한식,-,62.9,도봉제1동,029561171, 
시골생삼겹자연석돌구이,노원구,N,N,N,N,N,모범음식점,"서울특별시 노원구 공릉로 325-3, (하계동)",한식,삼겹살,17.7,하계1동,029787234, 
순흥골,영등포구,N,N,N,N,N,"모범음식점,안심식당,트립어드바이저","서울특별시 영등포구 대방천로 175, (신길동)",한식,돼지갈비,23.6,신길제6동,028483624, 
남해아구찜,은평구,N,N,N,N,N,모범음식점,"서울특별시 은평구 연서로34길 2, 2층 (불광동)",한식,아구찜,23.3,불광제1동,023881231, 
대운설렁탕,영등포구,N,N,N,Y,N,"모범음식점,안심식당","서울특별시 영등포구 여의대방로23길 3, (신길동)",한식,설렁탕,54.8,신길제6동,028493077, 
강산복집,중구,N,N,N,N,N,모범음식점,"서울특별시 중구 난계로 161, 2층 (황학동, 중앙시티빌 2층(201,202,203호))",한식,돼지갈비,49.9,황학동,222928208, 
대가설렁탕,마포구,N,N,N,N,N,모범음식점,"서울특별시 마포구 신촌로 254, 1,2층 (아현동)",기타,설렁탕,48.7,아현동,-, 
거구장,동작구,N,Y,N,N,N,"모범음식점,트립어드바이저","서울특별시 동작구 흑석로 101-7, (흑석동)",한식,갈비탕,28.7,흑석동,028154725, 
황토정,동작구,N,N,N,Y,N,"모범음식점,안심식당","서울특별시 동작구 서달로13길 5-23, (흑석동)",한식,갈비,20.0,흑석동,028144467, 
온정돈까스,관악구,N,Y,N,N,Y,"모범음식점,안심식당,포장가능","서울특별시 관악구 남부순환로 1509, B동 1층 (신림동)",양식,-,47.9,신사동,0232813330, 
흥부골숯불돼지갈비,동작구,Y,Y,N,N,Y,"모범음식점,안심식당","서울특별시 동작구 상도로15길 3, (상도동)",한식,돼지구이,33.8,상도제3동,028129298, 
일품백송칼국수,성동구,N,N,N,N,N,모범음식점,"서울특별시 성동구 고산자로12길 1-1, 지상1층 (행당동)",한식,"칼국수, 설렁탕",28.7,행당제1동,024662090, 
유진참치,성동구,N,N,N,N,N,모범음식점,"서울특별시 성동구 연무장7길 16, (성수동2가,(지하1층))",일식,회정식,26.9,성수2가제1동,024989292, 
은행나무집,광진구,N,N,N,Y,N,"모범음식점,안심식당","서울특별시 광진구 아차산로69길 20, (광장동)",한식,오리백숙,14.9,광장동,024577100, 
동해진미,양천구,N,N,N,N,Y,"모범음식점,안심식당,포장가능","서울특별시 양천구 목동중앙북로 89-6, 1층 (목동)",일식,회초밥,43.3,목2동,226480602, 
동해해물,광진구,N,N,N,N,N,모범음식점,"서울특별시 광진구 동일로26길 16, (화양동)",한식,해물찜,13.4,화양동,024695843, 
어촌마을,양천구,N,N,N,N,N,모범음식점,"서울특별시 양천구 오목로 58, 1층 (신월동)",한식,생선구이,66.3,신월2동,226908658, 
등촌샤브칼국수,양천구,N,N,N,N,N,"모범음식점,안심식당","서울특별시 양천구 목동동로8길 3, 1층 (신정동)",한식,칼국수,28.0,신정2동,226459467, 
장안삼계탕,동대문구,N,N,N,Y,N,모범음식점,"서울특별시 동대문구 전농로 50, 1층 (답십리동)",한식,삼계탕,22.7,답십리제1동,222497297, 
참설농탕,송파구,Y,Y,N,N,Y,"모범음식점,트립어드바이저,포장가능","서울특별시 송파구 백제고분로 430, 2층 (송파동)",한식,설렁탕,60.2,송파1동,024140221, 
소백산,송파구,N,N,N,Y,N,모범음식점,"서울특별시 송파구 백제고분로39길 28, (석촌동)",한식,삼겹살구이류,35.1,석촌동,024229929, 
가락골마산아구찜,송파구,N,N,N,Y,N,모범음식점,"서울특별시 송파구 송이로19길 3, (가락동)",한식,"아구찜,탕",20.5,가락본동,024096665, 
닭누리정,송파구,N,N,N,N,N,모범음식점,"서울특별시 송파구 중대로20길 28, 지상1층 (가락동)",한식,-,39.3,가락2동,024201254, 
명품횡성한우가,관악구,Y,N,N,N,N,"모범음식점,안심식당","서울특별시 관악구 봉천로 266, 대명빌딩 2~4층 (신림동)",한식,-,139.9,신림동,028777030, 
최부자,은평구,N,N,N,N,N,모범음식점,"서울특별시 은평구 은평로21길 57, 1층 (녹번동)",한식,순대,32.3,녹번동,027557776, 
만복래반점,은평구,N,N,N,Y,N,모범음식점,"서울특별시 은평구 응암로12길 17-1, 1층 (응암동)",중식,자장면,33.1,응암제1동,023070663, 
평창우선생,중구,Y,Y,N,N,Y,모범음식점,"서울특별시 중구 통일로 102, (의주로1가,지상1층 바비엥I 101호)",한식,생등심,79.1,소공동,027398819, 
그집,동대문구,N,N,N,N,N,"모범음식점,트립어드바이저","서울특별시 동대문구 천장산로7길 56, (이문동)",한식,설렁탕,28.7,이문제1동,29673110, 
효면옥,은평구,Y,N,N,N,N,모범음식점,"서울특별시 은평구 증산로 429, 2층 (신사동)",한식,냉면,61.4,신사제1동,023037300, 
미성중국관,용산구,N,N,N,N,N,-,"서울특별시 용산구 한강대로84길 8, (남영동,(지상1층))",중식,중식코스,20.5,남영동,027903034, 
금강산,구로구,Y,Y,N,Y,Y,"모범음식점,트립어드바이저","서울특별시 구로구 구일로 110, 해원리버파크 1층 109, 110, 111호 (구로동)",한식,돼지갈비,51.5,구로제1동,028691544, 
남극회관,은평구,N,N,N,N,N,모범음식점,"서울특별시 은평구 통일로66길 9, 1층 (불광동)",한식,해물탕,37.7,불광제1동,-, 
도원,은평구,N,N,N,Y,N,모범음식점,"서울특별시 은평구 통일로 689, 1층 (녹번동)",중식,중식코스,49.9,녹번동,023531577, 
큰바다수산,구로구,N,N,N,Y,N,모범음식점,"서울특별시 구로구 고척로21길 25, (개봉동)",일식,"생선회, 매운탕",22.1,개봉제1동,0220601063, 
안동유진찜닭,은평구,N,N,N,Y,N,모범음식점,"서울특별시 은평구 연서로29길 7-23, (갈현동)",한식,찜닭,21.0,갈현제2동,023557200,Y
계단집,동작구,Y,Y,N,N,N,모범음식점,"서울특별시 동작구 현충로 94, (흑석동)",한식,오겹살,26.2,흑석동,208219867, 
송어야,송파구,Y,Y,N,N,Y,"모범음식점,트립어드바이저,포장가능","서울특별시 송파구 백제고분로9길 9, 지상1층 (잠실동)",한식,보쌈,45.4,잠실본동,024172888, 
광릉불고기,중랑구,N,N,N,Y,N,"모범음식점,안심식당","서울특별시 중랑구 망우로 425, (망우동)",한식,불고기,30.7,망우본동,024356631, 
연화숯불구이,영등포구,N,N,N,Y,N,"모범음식점,안심식당","서울특별시 영등포구 여의나루로 113, (여의도동,111,123,124,125호)",한식,갈비,28.6,여의동,027825638, 
신선한우촌,중랑구,Y,N,N,N,Y,"모범음식점,씨트립,안심식당","서울특별시 중랑구 용마산로 707, (신내동)",한식,한우고기,44.9,신내1동,024923335, 
이어도참치,중랑구,Y,Y,N,N,Y,"모범음식점,안심식당","서울특별시 중랑구 동일로 635, (면목동)",일식,참치회,44.6,면목제2동,024933733, 
서울소머리국밥,양천구,N,N,N,N,N,"모범음식점,안심식당","서울특별시 양천구 오목로 32, 1층 (신월동)",한식,소머리국밥,50.7,신월4동,226908777, 
동아냉면,용산구,N,N,N,N,N,모범음식점,"서울특별시 용산구 대사관로 45-1, (한남동,(지상1층))",한식,냉면,27.4,한남동,027967442, 
뽕사부,송파구,Y,Y,N,Y,Y,모범음식점,"서울특별시 송파구 백제고분로 498, 1층 (방이동)",한식,-,106.4,방이2동,024165391, 
상봉갈비,중랑구,N,N,N,N,N,"모범음식점,안심식당","서울특별시 중랑구 봉우재로 111, 1층 103,104,105호 (상봉동, 역세권청년주택)",한식,돼지갈비,54.4,상봉제2동,-, 
그릴진,동작구,N,Y,N,Y,Y,"모범음식점,안심식당","서울특별시 동작구 동작대로27다길 31, 1층 101호 (사당동)",한식,돼지갈비,61.1,사당제2동,025324135, 
미소,서대문구,Y,N,N,Y,N,모범음식점,"서울특별시 서대문구 충정로 53, (충정로2가,유원골든타워 지하1층)",일식,모듬회.회정식,91.8,충현동,-, 
한방장수삼계탕,서대문구,N,N,N,Y,N,모범음식점,"서울특별시 서대문구 통일로 111, (미근동)",한식,삼계탕,43.8,충현동,-, 
만다린,서초구,Y,Y,N,N,Y,-,"서울특별시 서초구 방배로6길 10-15, 1층 (방배동)",중식,중화요리,87.9,방배본동,25813366, 
예가낙지마을,강남구,Y,Y,N,Y,Y,모범음식점,"서울특별시 강남구 영동대로 513, 지하1층 O-110호 (삼성동, 스타필드 코엑스몰)",한식,"낙지 볶음, 덮밥",21.1,삼성1동,-, 
강수사,서대문구,Y,Y,N,N,Y,"모범음식점,안심식당","서울특별시 서대문구 연희로 157, (연희동, 1,2층)",일식,초밥.회정식,114.0,연희동,-, 
구이마마,서초구,N,N,N,Y,N,모범음식점,"서울특별시 서초구 강남대로25길 59, (양재동,1층)",한식,생삼겹,31.3,양재제1동,025757449, 
반월,성북구,N,N,N,Y,N,"모범음식점,씨트립","서울특별시 성북구 월곡로 29, (종암동)",한식,한정식,44.1,종암동,029410308, 
풍년갈비,서대문구,N,N,N,Y,N,모범음식점,"서울특별시 서대문구 통일로 495, (홍은동,,92-3)",한식,돼지갈비,15.7,홍은제2동,-, 
명동칼국수,강남구,N,N,N,Y,N,모범음식점,"서울특별시 강남구 영동대로 513, 지하1층 O104호 (삼성동, 코엑스몰)",일식,"칼국수, 보쌈",48.6,삼성1동,260026533, 
삼호복집,서초구,N,N,N,Y,N,모범음식점,"서울특별시 서초구 강남대로51길 5, (서초동)",일식,복지리,72.5,서초제2동,025427296, 
황제,서초구,N,N,N,Y,N,"모범음식점,씨트립","서울특별시 서초구 서래로7길 19, (반포동,(지상2층))",중식,자장면,27.6,반포제4동,025368820, 
센다이,마포구,N,N,N,Y,N,모범음식점,"서울특별시 마포구 만리재로 15, (공덕동)",일식,회,19.1,아현동,027187288, 
삼성각,서초구,Y,Y,N,N,Y,"모범음식점,씨트립","서울특별시 서초구 서초대로78길 42, (서초동,2층)",중식,전가복,104.9,서초제4동,025985553, 
석양집,마포구,N,N,N,N,N,"모범음식점,안심식당","서울특별시 마포구 토정로37길 9, E동 8, 9호 (용강동, 우성연립)",한식,돼지갈비,50.1,용강동,027166847, 
목우촌한우명가,마포구,N,N,N,Y,N,모범음식점,"서울특별시 마포구 토정로 312-1, (용강동)",한식,한식(뚝불고기),39.0,용강동,027178110, 
조선화로구이,성북구,Y,Y,Y,N,Y,모범음식점,"서울특별시 성북구 북악산로 851, 상가동 204,205,206호 (정릉동, e-편한세상)",한식,돼지갈비,43.3,정릉제1동,-, 
양화정,마포구,Y,Y,N,N,Y,"모범음식점,블루리본,안심식당","서울특별시 마포구 월드컵로1길 17, 1층 (합정동)",한식,돼지갈비,55.3,합정동,023235777, 
서초정육식당,서초구,N,N,N,Y,N,모범음식점,"서울특별시 서초구 서초대로38길 51, (서초동)",한식,등심,25.7,서초제3동,025880290, 
나나마구로,서초구,N,N,N,Y,N,모범음식점,"서울특별시 서초구 반포대로28길 65-4, 1,2층 (서초동)",일식,참치회,61.1,서초제2동,025825674, 
영변,서초구,N,N,N,Y,N,모범음식점,"서울특별시 서초구 반포대로23길 22, 2층 (서초동, 영변빌딩)",일식,"생선회, 회정식",48.9,서초제1동,025831123, 
초림정,성북구,N,N,N,Y,N,모범음식점,"서울특별시 성북구 동소문로 181, (돈암동, 101호)",중식,탕수육,74.9,돈암제1동,029538808, 
외양간,마포구,N,N,N,N,N,"모범음식점,안심식당","서울특별시 마포구 성미산로 13, (성산동, 1층)",한식,소갈비,29.4,성산제1동,3347942, 
서룡,마포구,Y,Y,N,N,Y,"모범음식점,안심식당,트립어드바이저","서울특별시 마포구 월드컵북로 361, 204호 (상암동,DMC 이안상암2단지 2층 201,202,203,)",중식,"짜장면, 짬뽕",94.7,상암동,-, 
고향맛집,강서구,N,N,N,Y,N,"모범음식점,안심식당","서울특별시 강서구 공항대로44길 50, 1층 (화곡동)",한식,"쌈밥, 갈치조림",27.1,화곡제6동,263391236, 
조코제주똥돼지,강서구,N,N,N,N,N,모범음식점,"서울특별시 강서구 방화대로47가길 7, 2층 205호 (방화동, 3동 샤르망)",한식,제주생오겹살,28.8,방화제3동,226661662, 
춘천명물닭갈비,강남구,Y,N,N,N,N,"모범음식점,포장가능","서울특별시 강남구 개포로22길 14, 지상1층 (개포동)",한식,닭갈비,42.7,개포4동,-, 
누리한방삼계탕,구로구,N,N,N,N,N,모범음식점,"서울특별시 구로구 디지털로 288, 대륭포스트타워1차 지하1층 B131호 (구로동)",한식,한방삼계탕,34.6,구로제3동,028665562, 
옛날집,강남구,N,N,N,Y,N,모범음식점,"서울특별시 강남구 선릉로148길 38, (청담동,지하1층)",한식,명란정식,48.6,청담동,025497888, 
박가네들깨칼국수,양천구,N,N,N,N,N,"모범음식점,안심식당,트립어드바이저","서울특별시 양천구 신목로12길 7, 1층 (신정동)",한식,들깨칼국수,50.0,신정2동,226492333, 
소문난개미,양천구,Y,N,N,N,N,"모범음식점,안심식당","서울특별시 양천구 중앙로46길 5, 1층 (신정동)",한식,아귀찜,25.4,신정4동,226977298, 
대가,양천구,Y,N,N,N,N,"모범음식점,안심식당","서울특별시 양천구 신정중앙로 66, 1~3층 (신정동)",한식,돼지갈비,253.7,신정4동,226051667, 
목동장어타운,양천구,Y,N,N,N,N,모범음식점,"서울특별시 양천구 신정중앙로 67, 양정빌딩 1층 (신정동)",한식,장어구이,65.0,신정4동,264026692, 
천미향,강남구,Y,N,N,N,Y,-,"서울특별시 강남구 학동로37길 23, (논현동,2층)",중식,자장면,54.7,논현2동,-, 
차이나타운,강남구,N,N,N,N,N,모범음식점,"서울특별시 강남구 봉은사로63길 7, A동 지상1층 103호 (삼성동, 수목빌딩)",중식,자장면,11.5,삼성1동,025393222, 
시골진지상,강남구,N,N,N,Y,N,모범음식점,"서울특별시 강남구 삼성로 535, (삼성동)",한식,보리굴비정식,41.4,삼성2동,025553448, 
삼동숯불갈비,구로구,N,N,N,Y,N,모범음식점,"서울특별시 구로구 디지털로27길 57, 1층 (가리봉동)",한식,돼지갈비,49.9,가리봉동,028527616, 
수림복국,강남구,Y,Y,N,N,N,모범음식점,"서울특별시 강남구 테헤란로77길 11-13, (삼성동,마룡빌딩지상1층)",한식,복어정식,45.0,삼성2동,5692209, 
갑식이네착한낙지,강북구,N,N,N,Y,N,모범음식점,"서울특별시 강북구 한천로 1124, (수유동)",한식,낙지볶음,20.3,수유제2동,029977779, 
아리랑,중구,Y,Y,N,N,Y,모범음식점,"서울특별시 중구 남대문로7길 23, (소공동,(1층))",한식,갈비,83.4,소공동,027521342, 
사조참치,구로구,N,N,N,Y,N,"모범음식점,안심식당","서울특별시 구로구 디지털로32길 97-33, (구로동,(창조1길 19))",일식,참치정식,75.1,구로제3동,028643113, 
오미가,강남구,N,N,N,Y,N,모범음식점,"서울특별시 강남구 논현로 833, (신사동)",한식,한정식,102.1,신사동,025431145, 
남원월매추어탕,송파구,N,N,N,N,N,모범음식점,"서울특별시 송파구 백제고분로40길 4-3, (석촌동)",한식,추어탕,34.1,석촌동,024172020, 
사랑채,송파구,Y,Y,N,N,Y,모범음식점,"서울특별시 송파구 석촌호수로18길 9, (석촌동)",한식,고기,84.9,석촌동,024225111, 
열정갈비,용산구,Y,N,N,Y,Y,모범음식점,"서울특별시 용산구 새창로 106-1, (용문동, 28-25 지상1,2층)",한식,돼지갈비,34.8,용문동,027069294, 
열정갈비,용산구,Y,N,N,Y,Y,모범음식점,"서울특별시 용산구 백범로90라길 31, 1층 (원효로1가)",한식,돼지갈비,18.1,원효로제1동,027069292, 
풍년갈비,금천구,Y,N,N,Y,N,트립어드바이저,"서울특별시 금천구 디지털로12길 33, 지상1층 (가산동)",한식,-,59.7,가산동,028645416, 
미식가,금천구,N,N,N,N,N,모범음식점,"서울특별시 금천구 가마산로 96, 지상1층 113호 (가산동, 대륭테크노타운8차)",한식,보쌈,41.4,가산동,028642563, 
참한우본가,노원구,N,N,N,N,N,모범음식점,"서울특별시 노원구 공릉로58가길 14, 1층 (하계동)",한식,등심,40.2,하계1동,029481592, 
델리명가,금천구,N,N,N,N,N,모범음식점,"서울특별시 금천구 가산디지털2로 14, (가산동,대륭테크노타운12차 B211~B214호(가산디지털2길185))",한식,한식,204.8,가산동,220296260, 
유래회관,성동구,Y,Y,N,Y,Y,"모범음식점,블루리본,씨트립","서울특별시 성동구 마장로 196, (홍익동,지상2,3층)",한식,등심,321.7,왕십리도선동,-, 
천장어,마포구,N,N,N,N,Y,"모범음식점,안심식당","서울특별시 마포구 백범로 122, 1층 (염리동)",한식,장어구이,55.3,염리동,-, 
짬뽕지존,송파구,Y,Y,N,N,Y,"모범음식점,포장가능","서울특별시 송파구 오금로 152, 지상1층 (송파동)",한식,짬뽕,61.1,송파1동,024231592, 
마라공방,중구,N,Y,N,N,Y,"모범음식점,포장가능","서울특별시 중구 세종대로21길 55, (태평로1가,외1필지(지상2층))",중식,삼계탕,45.4,명동,027787370, 
화로구이,금천구,Y,N,N,N,Y,"모범음식점,포장가능","서울특별시 금천구 범안로 1200, (독산동,지상1,2층 (독산역길 59))",한식,돼지갈비,182.0,독산제1동,028948592, 
동흥관,금천구,Y,N,N,N,N,"모범음식점,트립어드바이저","서울특별시 금천구 시흥대로63길 20, (시흥동,A동 지상1층)",중식,탕수육,45.7,시흥제1동,028033759, 
청죽골,성동구,N,N,N,N,N,모범음식점,"서울특별시 성동구 왕십리로 134, 1층 (성수동1가)",기타,"소,돼지갈비",49.0,성수1가제1동,-, 
해미수산,성북구,N,N,N,Y,N,모범음식점,"서울특별시 성북구 종암로21길 53, (종암동,1층)",한식,회정식,32.7,종암동,029227471, 
서울회마차,구로구,N,N,N,N,N,모범음식점,"서울특별시 구로구 고척로 231, (고척동)",일식,광어회,20.0,고척제2동,226867730, 
러반로제 레스토랑,송파구,N,Y,N,N,Y,"모범음식점,씨트립","서울특별시 송파구 석촌호수로 274, 씨엠빌딩 8층 (송파동)",양식,"스테이크,파스타",30.1,송파1동,7077789417, 
용산양다리,용산구,N,N,N,N,N,포장가능,"서울특별시 용산구 원효로41길 15, 1층 (원효로3가)",한식,양꼬치,50.3,원효로제2동,027126238, 
숨비소리,광진구,Y,Y,N,N,Y,"모범음식점,안심식당","서울특별시 광진구 능동로19길 17, (화양동)",한식,"생선구이,탕",21.1,화양동,024665892, 
두레박,동대문구,Y,Y,N,Y,Y,-,"서울특별시 동대문구 경희대로3길 29, (회기동,천초빌딩 1층)",한식,삼겹살,20.0,회기동,0232931009, 
명당횟집,서대문구,N,N,N,Y,N,모범음식점,"서울특별시 서대문구 응암로 87, (북가좌동)",일식,생선회,15.3,북가좌제2동,-, 
목동평양면옥,양천구,N,N,N,N,N,"모범음식점,안심식당","서울특별시 양천구 목동서로 57, 현대파리지앙 1층 115~117호 (목동)",한식,평양냉면,39.3,목5동,226447743, 
에핑,송파구,N,N,N,N,N,모범음식점,"서울특별시 송파구 오금로36길 13-1, 가락동양씨빌딩 (가락동)",중식,"짬뽕,탕수육",36.3,가락본동,024000201, 
닭갈비두목,강남구,N,N,N,N,N,모범음식점,"서울특별시 강남구 논현로75길 13, (역삼동)",한식,"닭갈비,부대찌개",24.7,역삼1동,025649657, 
중국요리 귀종,강북구,N,N,N,N,N,-,"서울특별시 강북구 솔샘로67길 138, (미아동)",중식,해물짬뽕,40.4,미아동,029838388, 
먹자대게,양천구,Y,N,N,N,Y,"모범음식점,안심식당","서울특별시 양천구 목동서로 213, 세신비젼프라자 1층 108호 (목동)",한식,대게,50.0,목1동,226471500, 
제주도새기촌,은평구,N,N,N,N,N,모범음식점,"서울특별시 은평구 증산로 377, 1층 (신사동)",한식,추어탕,27.3,신사제2동,023760488, 
교동짬뽕,용산구,N,N,N,N,N,모범음식점,"서울특별시 용산구 후암로 107, (동자동,게이트웨이타워 1층 103(B))",한식,교동짬뽕,21.8,남영동,027274080, 
정참치,강남구,Y,Y,N,Y,Y,모범음식점,"서울특별시 강남구 삼성로81길 22, 한정빌딩 지상1층 103호 (대치동)",일식,참치,32.9,대치1동,-, 
구름산추어탕,동작구,N,N,N,N,N,"모범음식점,안심식당","서울특별시 동작구 성대로1길 22, 지상1층 (상도동)",한식,추어탕,41.4,상도제4동,028222719, 
구름산추어탕,동작구,N,N,N,N,N,"모범음식점,안심식당","서울특별시 동작구 사당로30길 158-4, 지하1층 (사당동)",한식,추어탕,25.0,사당제1동,205211224, 
대성장,성동구,N,N,N,N,N,모범음식점,"서울특별시 성동구 마장로 284, 지상1층 (마장동)",중식,중화요리,30.2,마장동,222932480, 
한국집식당,성동구,Y,N,N,N,N,모범음식점,"서울특별시 성동구 무학로 36, 상명제 1, 2층 (홍익동)",한식,등심,27.2,왕십리도선동,222991063, 
이가갈비,성동구,N,N,N,Y,N,모범음식점,"서울특별시 성동구 마조로 25, (행당동)",한식,돼지갈비,48.7,사근동,222988878, 
명작 신의주 찹쌀순대,종로구,N,N,N,N,N,모범음식점,"서울특별시 종로구 사직로8길 4, (사직동,풍림스페이스본 202동 지상1층 104호)",한식,순대국,24.9,사직동,027376484, 
푸줏간생고기점,성동구,N,N,N,N,Y,"모범음식점,씨트립,트립어드바이저","서울특별시 성동구 행당로17길 24, (행당동,지상1층)",한식,"소고기, 돼지고기",46.7,사근동,222977361, 
우리돈가,성동구,N,N,N,N,N,모범음식점,"서울특별시 성동구 사근동길 4, (행당동,지상2층)",한식,생삼겹살,39.3,행당제1동,222929253, 
마포갈비생등심,성동구,Y,Y,N,N,Y,"모범음식점,트립어드바이저","서울특별시 성동구 행당로8길 9, (행당동)",한식,생갈비,52.9,행당제1동,222816663, 
삼천포식당,강북구,N,N,N,Y,N,모범음식점,"서울특별시 강북구 한천로 1052, (수유동)",한식,해물탕,23.4,수유제3동,029983447, 
왕가,강북구,N,N,N,N,N,모범음식점,"서울특별시 강북구 삼양로 681, (우이동,(우이동길 337)(지상1,2층))",한식,소고기,145.6,우이동,029089277, 
개나리산장,강북구,N,N,N,N,N,모범음식점,"서울특별시 강북구 삼양로173길 319, (우이동)",한식,한정식,18.4,우이동,029935993, 
본토고기구이,성동구,N,N,N,N,N,모범음식점,"서울특별시 성동구 동일로 185, (송정동)",한식,"삼겹살, 돼지양념구이",15.1,송정동,024669253, 
리엔,강남구,Y,N,N,N,N,모범음식점,"서울특별시 강남구 개포로28길 9, 지상1층 (개포동)",중식,자장면,61.1,개포4동,025764888, 
부잣집설렁탕,강북구,N,N,N,Y,N,모범음식점,"서울특별시 강북구 도봉로8길 9, (미아동,(하천길 5))",한식,설렁탕,27.1,송중동,029829944, 
고향산천,강북구,N,N,N,Y,N,-,"서울특별시 강북구 도봉로 171, (미아동,(도봉로 169))",한식,오리고기,67.7,송천동,029815959, 
동보성,성동구,N,N,N,N,N,모범음식점,"서울특별시 성동구 한림말1길 15-2, (옥수동)",한식,짜장면,40.3,옥수동,222994520, 
가문,강북구,N,N,N,N,N,모범음식점,"서울특별시 강북구 노해로 13, (수유동,(쌍문동길 17))",중식,자장면,74.9,수유제3동,029900107, 
수유손칼국수,강북구,N,N,N,Y,N,모범음식점,"서울특별시 강북구 도봉로101길 45, (수유동)",한식,칼국수,28.2,수유제3동,029059949, 
시골쌈밥,강북구,N,N,N,N,N,"모범음식점,트립어드바이저","서울특별시 강북구 덕릉로19길 8, (수유동,(원앙길 4))",한식,쌈밥,30.8,인수동,029081264, 
성수낙지,성동구,N,N,N,Y,N,모범음식점,"서울특별시 성동구 성수일로12길 34, (성수동2가,지상1층)",한식,낙지전골,21.6,성수2가제3동,024621120, 
석림족발,강북구,N,N,N,N,N,모범음식점,"서울특별시 강북구 삼각산로 106, (수유동)",한식,족발,16.8,인수동,029004100, 
능동곱창,광진구,N,N,N,N,N,"모범음식점,안심식당","서울특별시 광진구 긴고랑로 12, (중곡동)",한식,곱창,35.7,중곡제1동,024467655, 
정선메밀고을,동작구,Y,Y,N,N,N,"모범음식점,안심식당","서울특별시 동작구 양녕로26길 63, 2층 (상도동)",한식,메밀국수,22.0,상도제4동,028110730, 
행복한우,광진구,Y,Y,N,N,Y,"모범음식점,안심식당","서울특별시 광진구 구의강변로 30, (구의동,목림빌딩 1층)",한식,갈비살,78.6,구의제3동,024466987, 
옛집,광진구,N,N,N,N,N,모범음식점,"서울특별시 광진구 아차산로76가길 18, (광장동)",한식,김치찌개,21.2,광장동,222014369, 
명원숯불갈비,종로구,Y,N,N,Y,Y,"모범음식점,안심식당","서울특별시 종로구 통일로12길 8, (행촌동)",한식,돼지갈비,32.8,교남동,027384744, 
뚱보냉면,도봉구,Y,Y,N,N,Y,"모범음식점,안심식당","서울특별시 도봉구 도봉로110길 51, 지상2,3층 (창동)",한식,냉면,95.8,창제1동,029908063, 
남원추어탕,도봉구,N,N,N,N,N,모범음식점,"서울특별시 도봉구 노해로67길 10, 1층 103호 (창동, 하나B/D)",한식,추어탕,22.3,창제4동,029082274, 
오두막,종로구,N,N,N,N,N,모범음식점,"서울특별시 종로구 새문안로9길 24-5, (도렴동)",기타,곤드레밥,7.0,사직동,027343371, 
다락,광진구,N,N,N,N,N,모범음식점,"서울특별시 광진구 광나루로 440, (화양동)",일식,알탕,28.6,화양동,024444128, 
제주본가,중구,N,N,N,N,N,-,"서울특별시 중구 을지로1길 8, 지상1,2층 (을지로1가)",한식,삼겹살,21.4,명동,-, 
일품당샤브샤브,종로구,Y,Y,N,N,Y,"모범음식점,블루리본,안심식당,트립어드바이저,포장가능","서울특별시 종로구 세종대로23길 25, 1,2층 (당주동)",한식,샤브샤브,53.7,사직동,027337949, 
가마솥도가니탕 장수옥,광진구,Y,N,N,N,Y,모범음식점,"서울특별시 광진구 용마산로 124, (중곡동)",한식,갈비,51.6,중곡제4동,024446888, 
한우리,동대문구,N,N,N,N,N,모범음식점,"서울특별시 동대문구 천호대로 74, (용두동,(하정로 76))",한식,등심,36.5,용신동,029296231, 
일식 성진,중구,Y,N,N,Y,Y,모범음식점,"서울특별시 중구 수표로2길 5, 1층 (충무로3가)",일식,회정식,65.0,필동,222695551, 
청북경오리,강서구,Y,N,N,Y,Y,모범음식점,"서울특별시 강서구 마곡동로4길 15, 엠팰리체 3층 302~304호 (마곡동)",중식,짬뽕,105.8,가양제1동,236615892, 
총각네곱창가게,노원구,Y,N,N,N,Y,모범음식점,"서울특별시 노원구 동일로 1323, 202호 (상계동)",한식,야채곱창,34.9,상계6.7동,029521123, 
완도회집,동대문구,N,N,N,N,Y,모범음식점,"서울특별시 동대문구 고산자로 503-2, (제기동)",일식,광어회,13.4,제기동,029676880, 
청암회관,노원구,N,N,N,N,N,모범음식점,"서울특별시 노원구 한글비석로8길 29, (중계동)",한식,돼지갈비,28.9,중계본동,209300202, 
동대닭한마리,중구,N,N,N,N,N,모범음식점,"서울특별시 중구 서애로 16-5, (필동3가)",한식,칼국수,20.0,필동,0222695596, 
중계동두부명가,노원구,Y,Y,N,N,N,모범음식점,"서울특별시 노원구 중계로12가길 29, 수암빌딩 2(지면접함)층 (중계동)",한식,된장찌개,66.8,중계본동,9358003, 
장충동 진두부집,중구,N,N,N,N,N,"모범음식점,씨트립,트립어드바이저","서울특별시 중구 동호로24길 39, (장충동2가,(지하1층,지상1층,2층))",한식,두부,105.6,장충동,222759345, 
봉평메밀막국수,노원구,Y,N,N,N,N,모범음식점,"서울특별시 노원구 한글비석로20길 61, (중계동,예담빌딩1층)",한식,막국수,25.5,중계4동,029391136, 
다도해,강서구,N,N,N,Y,N,"모범음식점,안심식당","서울특별시 강서구 마곡동로 62, 마곡사이언스타워 2층 212호 (마곡동)",일식,활어회,41.3,가양제1동,226610176, 
주래등,송파구,N,N,N,N,N,모범음식점,"서울특별시 송파구 정의로8길 13, 201,202,203호 (문정동)",중식,"탕수육,짜장면",103.6,문정1동,-, 
춘천 날으는닭갈비,관악구,N,N,N,Y,N,"모범음식점,안심식당","서울특별시 관악구 조원로 4, (신림동)",한식,-,24.0,조원동,028591313, 
해피하우스 소정,마포구,N,N,N,N,N,"모범음식점,안심식당","서울특별시 마포구 성산로 128, 지하1층 4호 (성산동)",한식,덮밥,24.6,성산제1동,023364897, 
청학골,노원구,Y,N,N,N,Y,모범음식점,"서울특별시 노원구 동일로192길 6, 1층 (공릉동)",한식,돼지갈비,72.9,공릉1동,029780055, 
남원추어탕,중구,N,N,N,N,N,모범음식점,"서울특별시 중구 을지로38길 14, (을지로5가)",한식,추어탕,22.1,을지로동,222652394, 
팀스쿡,광진구,Y,Y,N,N,Y,"모범음식점,안심식당","서울특별시 광진구 광나루로50길 10, 1층,2층 (구의동)",양식,"피자, 파스타, 스테이크",59.7,구의제3동,24470880, 
미가면옥,관악구,Y,Y,N,N,N,"모범음식점,안심식당","서울특별시 관악구 관악로 246, 2층 (봉천동)",한식,-,22.0,행운동,-, 
오륜정,강동구,Y,Y,N,Y,Y,"모범음식점,안심식당","서울특별시 강동구 성내로6길 32, (성내동)",한식,돼지갈비,81.8,성내제1동,024823698, 
행운돈까스 지기,동대문구,N,N,N,N,N,"모범음식점,안심식당","서울특별시 동대문구 장한로 173, (장안동)",양식,돈까스,44.3,장안제2동,-, 
우정낙지,노원구,N,N,N,N,N,모범음식점,"서울특별시 노원구 동일로217가길 23, (상계동,2층)",한식,낙지볶음,44.0,상계6.7동,233923344, 
다독이네 숯불구이,동작구,N,Y,N,N,N,"모범음식점,안심식당","서울특별시 동작구 노량진로 106-5, (노량진동,(1층))",한식,돼지갈비,19.7,노량진제2동,028177789, 
항도,노원구,N,N,N,N,N,모범음식점,"서울특별시 노원구 노해로75길 14-22, (상계동)",일식,대구탕,38.2,상계6.7동,029388182, 
호순네집,동작구,N,N,N,Y,N,"모범음식점,안심식당","서울특별시 동작구 등용로 107, 1층 (대방동)",한식,삼겹살,18.0,대방동,-, 
진어참치,마포구,N,N,N,N,N,"모범음식점,블루리본,안심식당","서울특별시 마포구 연남로3길 34, (연남동,(1층))",일식,회,23.7,연남동,023327412, 
공화춘,은평구,N,N,N,N,N,"모범음식점,안심식당,트립어드바이저","서울특별시 은평구 연서로 304, (불광동, 1,2층)",중식,짬뽕,45.3,불광제1동,023527710, 
얼땅쟈,광진구,N,N,N,N,Y,모범음식점,"서울특별시 광진구 동일로18길 68, 1층 (자양동)",중식,딤섬,25.2,자양제1동,024659285, 
대송,은평구,N,N,N,Y,N,모범음식점,"서울특별시 은평구 통일로66길 10-5, (불광동, 1,2층)",한식,생선회,29.8,불광제1동,023596203, 
약수한방삼계탕,중구,Y,Y,N,N,Y,"모범음식점,포장가능","서울특별시 중구 다산로 77, (신당동,외3필지 JK오피스텔(지상1층 101,102,103호))",한식,"삼계탕,닭도리탕",50.0,다산동,222529775, 
유성관,동대문구,N,N,N,Y,N,모범음식점,"서울특별시 동대문구 경희대로3길 30, 1층 (회기동)",한식,생삼겹살,69.7,회기동,209646849, 
꿀돼지집,마포구,N,Y,N,N,Y,모범음식점,"서울특별시 마포구 동교로 236, 2층 (연남동)",한식,삼겹살,22.7,연남동,-, 
능라도,강서구,Y,Y,N,N,Y,"모범음식점,안심식당,포장가능","서울특별시 강서구 마곡동로 56, 건와빌딩 2층 202,203호 (마곡동)",한식,평양냉면,162.1,가양제1동,269588939, 
섬어부밥상,양천구,Y,N,N,N,Y,모범음식점,"서울특별시 양천구 신정중앙로 85, 로데오프라자 2층 204~205호 (신정동)",한식,낙지볶음,50.7,신정4동,226941100, 
황금포차,구로구,N,N,N,N,N,모범음식점,"서울특별시 구로구 개봉로23가길 76, (개봉동,한마음프라자 101호)",한식,낚지철판,19.0,개봉제1동,226844094, 
미가담,광진구,Y,N,N,N,Y,"모범음식점,안심식당","서울특별시 광진구 자양로 165, 1층 (구의동)",주점,보리밥,25.0,구의제1동,0222019595, 
개성손만두,마포구,Y,N,N,N,Y,"모범음식점,안심식당,포장가능","서울특별시 마포구 대흥로 64, 1층 (대흥동)",한식,만두전골,47.4,대흥동,-, 
육육삼육,송파구,N,N,N,N,N,모범음식점,"서울특별시 송파구 오금로 216, 지상1층 (송파동)",분식,한우 등심,27.0,송파2동,025496636, 
산두부집,강북구,N,N,N,Y,N,모범음식점,"서울특별시 강북구 삼양로173길 61, (우이동,(도선사길 31))",한식,순두부찌개,23.7,우이동,029033532, 
감동식당,노원구,Y,Y,N,N,Y,모범음식점,"서울특별시 노원구 한글비석로47길 58, 1층 (상계동)",한식,등갈비찜,33.8,상계5동,7075434481, 
군자닭갈비,광진구,N,N,N,Y,N,"모범음식점,안심식당","서울특별시 광진구 능동로 315, 1층 (중곡동)",한식,닭갈비,19.5,중곡제1동,262459888, 
이꾸참치,영등포구,Y,Y,N,Y,N,모범음식점,"서울특별시 영등포구 은행로 3, 익스콘벤처타워 B104,B105호 (여의도동)",일식,생선회,55.6,여의동,027205454, 
우담가해담가 주식회사,마포구,N,N,N,N,N,-,"서울특별시 마포구 양화로 45, (서교동, 1층 101호)",한식,숯불고기,208.2,서교동,023265544, 
송가네 용두암 두루치기,송파구,Y,Y,N,N,Y,모범음식점,"서울특별시 송파구 송파대로 201, A동 지하1층 G-116호 (문정동, 송파테라타워2)",한식,두루치기,31.2,문정1동,-, 
송강,서초구,Y,Y,N,N,Y,"모범음식점,블루리본,트립어드바이저","서울특별시 서초구 명달로9길 5, (방배동,1층)",한식,"복어, 장어요리",45.8,서초제3동,50714489288, 
중경당,성북구,N,N,N,N,N,모범음식점,"서울특별시 성북구 창경궁로43길 30, 1층 (성북동1가)",한식,한정식,21.9,성북동,-, 
중일회관,중구,N,N,N,N,N,-,"서울특별시 중구 명동길 25-4, (명동1가)",일식,한우불고기,48.7,명동,027732882, 
옛날할머니보쌈,동대문구,N,Y,N,N,N,모범음식점,"서울특별시 동대문구 이문로 100, 2층 (이문동)",한식,오리구이,59.0,이문제1동,029675292, 
원당감자탕,금천구,N,N,N,Y,N,모범음식점,"서울특별시 금천구 가산디지털1로 70, (가산동,호서대벤처타워 105호)",한식,-,51.6,가산동,0226275353, 
석촌냉면,송파구,Y,Y,N,N,Y,모범음식점,"서울특별시 송파구 백제고분로37길 6, 지상1층 (석촌동)",한식,냉면,39.9,석촌동,024213234, 
우리마을셀프장어네,강서구,N,N,N,N,N,"모범음식점,안심식당","서울특별시 강서구 곰달래로 254, 1층 (화곡동, 4동)",한식,장어,57.0,화곡제4동,226522284, 
만복식당,성북구,N,N,N,N,N,모범음식점,"서울특별시 성북구 개운사길 34, 지1층 (안암동5가)",한식,삼겹살,32.9,안암동,-, 
태백숯불갈비,강북구,Y,Y,N,Y,N,모범음식점,"서울특별시 강북구 한천로 1072, (수유동)",한식,돼지갈비,45.3,수유제3동,029904176, 
린궁즈,양천구,Y,N,N,Y,N,"모범음식점,안심식당","서울특별시 양천구 목동동로8길 3, 2층 (신정동)",중식,자장면,39.9,신정2동,226455999, 
권참치,중랑구,N,N,N,N,N,"모범음식점,안심식당","서울특별시 중랑구 사가정로 377, 보린약국 1층 (면목동)",일식,참치,29.0,면목제3.8동,024351186, 
이북집 찹쌀순대,송파구,Y,Y,N,N,Y,모범음식점,"서울특별시 송파구 법원로 114, E동 B-127호 (문정동, 엠스테이트)",한식,순대국,29.3,문정1동,222831600, 
청춘남원추어탕,노원구,Y,N,N,Y,N,모범음식점,"서울특별시 노원구 동일로 1383, 108호 (상계동, 상계주공3단지아파트)",한식,추어탕,8.6,상계6.7동,029318242, 
도치피자 강변,광진구,N,N,N,N,N,포장가능,"서울특별시 광진구 아차산로62길 14-4, 1,2층 (구의동)",양식,피자,49.5,구의제3동,024468006, 
일일향,송파구,Y,Y,N,N,Y,"모범음식점,포장가능","서울특별시 송파구 석촌호수로 290, 성우빌딩 지하1,지상1,2층  호 (송파동)",한식,"전가복, 탕수",255.1,송파1동,024218900, 
명태이야기,노원구,Y,N,N,N,Y,모범음식점,"서울특별시 노원구 석계로18길 13, (월계동)",한식,버섯샤브,13.3,월계1동,9431121, 
홍이네,마포구,N,N,N,N,N,-,"서울특별시 마포구 마포대로8안길 18, (공덕동,지상2층)",한식,부대찌개,32.7,공덕동,-, 
온량,성동구,N,Y,N,N,N,모범음식점,"서울특별시 성동구 서울숲4길 26-10, 1층 (성수동1가)",양식,파스타,24.3,성수1가제1동,-, 
정대감감자탕,동대문구,Y,N,N,N,Y,"모범음식점,포장가능","서울특별시 동대문구 천호대로83길 46, 1층 (장안동)",한식,뼈해장국,62.9,장안제1동,0222422533, 
웰빙푸드,금천구,N,N,N,N,N,모범음식점,"서울특별시 금천구 디지털로9길 32, (가산동,갑을그레이트밸리 B101호)",한식,한식,191.8,가산동,028393400, 
용산화로,용산구,N,Y,N,N,Y,모범음식점,"서울특별시 용산구 한강대로76길 21-11, (남영동,(지상1층))",한식,소고기구이,13.0,남영동,027932968, 
합정오리농장,은평구,N,N,N,N,N,모범음식점,"서울특별시 은평구 증산로23길 27, 2층 (신사동)",한식,오리백숙,25.0,신사제1동,023035833, 
아구세상,송파구,N,N,N,N,N,포장가능,"서울특별시 송파구 양재대로62길 8, 지상1층 (가락동)",한식,수제비,39.9,가락본동,024316938, 
팔도미락,강서구,N,N,N,N,N,"모범음식점,안심식당","서울특별시 강서구 우장산로 123, 태정빌딩 2층 (화곡동)",일식,계절요리,48.6,화곡제6동,226077161, 
한마루가든,동작구,Y,Y,N,N,Y,모범음식점,"서울특별시 동작구 여의대방로 250, 대림아파트(상가동) 4층 410호 (대방동)",한식,삼겹살,29.1,대방동,028260119, 
푸드엠파이어 이대서울병원 청진동순두부,강서구,N,N,N,N,N,"모범음식점,안심식당","서울특별시 강서구 공항대로 260, 이화의대부속서울병원 지하1층 (마곡동)",한식,순두부찌개,42.0,발산제1동,221352465, 
조박집투,마포구,Y,Y,N,Y,N,"모범음식점,안심식당,트립어드바이저,포장가능","서울특별시 마포구 토정로 311, (용강동, 1층)",한식,소갈비,21.2,용강동,7184410, 
바다양푼이찌개마을,마포구,N,N,N,Y,N,"모범음식점,안심식당","서울특별시 마포구 월드컵북로54길 17, B114호 (상암동, 사보이시티디엠씨)",한식,동태찌개,18.0,상암동,-, 
신안촌,종로구,N,Y,N,N,Y,모범음식점,"서울특별시 종로구 사직로12길 8, (내자동,,153,154-1,155-1 (1층))",분식,"낙지, 홍어",30.2,사직동,027257744, 
만다리,중구,Y,N,N,N,N,모범음식점,"서울특별시 중구 다산로22길 17, (신당동)",중식,자장면,23.1,청구동,222367615, 
옛날농장,관악구,N,N,N,N,N,"모범음식점,안심식당","서울특별시 관악구 봉천로 262, 1층 (신림동)",한식,-,79.9,신림동,028732280, 
목포낙지,중구,Y,N,N,Y,N,모범음식점,"서울특별시 중구 다산로36길 8, (신당동)",한식,낙지찜,32.7,동화동,222322362, 
군산해물탕,강북구,Y,N,N,N,N,"모범음식점,트립어드바이저","서울특별시 강북구 한천로139길 41, (수유동)",한식,해물탕,29.9,수유제3동,029035211, 
욕지도,마포구,Y,N,N,Y,N,"모범음식점,안심식당","서울특별시 마포구 마포대로 180-13, 영지공덕빌딩 1층 (공덕동)",일식,막썰이회,73.1,염리동,023136007, 
본전회관,서대문구,N,N,N,Y,N,"모범음식점,안심식당","서울특별시 서대문구 수색로2길 15, (남가좌동,,30,45)",한식,돼지갈비,187.1,남가좌제2동,-, 
임가네해물천국,마포구,Y,N,N,N,N,"모범음식점,안심식당","서울특별시 마포구 망원로 49-1, (망원동)",한식,아구해물탕,32.5,망원제1동,023237563, 
아구랑꽃게랑,중구,Y,N,N,N,N,"모범음식점,트립어드바이저","서울특별시 중구 동호로24길 35-5, (장충동2가, 1층)",한식,아구찜,15.3,장충동,222635554, 
예담밥상,광진구,Y,N,N,N,N,"모범음식점,씨트립,포장가능","서울특별시 광진구 동일로22길 13, (화양동)",한식,한정식,21.9,화양동,024690072, 
마산아구찜,마포구,N,N,N,N,N,-,"서울특별시 마포구 월드컵로1길 30, (합정동)",한식,아구찜,24.5,합정동,023255523, 
태진복집,종로구,N,N,N,Y,N,"모범음식점,안심식당","서울특별시 종로구 자하문로10길 10-24, 지상1,2층 (통의동)",일식,복지리,70.6,사직동,207333730, 
신서방 부대찌개,송파구,Y,N,N,Y,N,모범음식점,"서울특별시 송파구 오금로46길 16, (가락동)",한식,부대찌개,22.6,가락2동,024493670, 
한류관,영등포구,Y,Y,N,Y,N,"모범음식점,씨트립","서울특별시 영등포구 국회대로 750, (여의도동)",한식,한정식,41.3,여의동,237752838, 
큰마루,강동구,N,N,N,Y,N,-,"서울특별시 강동구 동남로73길 23, (명일동)",한식,"고기,냉면",52.6,명일제2동,024290535, 
고향집손칼국수,강동구,Y,N,N,Y,N,모범음식점,"서울특별시 강동구 동남로73길 23, 1층 (명일동)",분식,칼국수,26.8,명일제2동,024291222, 
무공해숯불갈비,마포구,N,N,N,Y,N,"모범음식점,안심식당","서울특별시 마포구 만리재로1길 8, (공덕동)",한식,돼지갈비,15.7,아현동,027164296, 
목포낙지마을,마포구,Y,N,N,N,N,"모범음식점,안심식당","서울특별시 마포구 월드컵로32길 11, (성산동)",한식,"연포탕, 낙지볶음",19.9,성산제1동,023331032, 
정동진,동작구,N,N,N,N,N,"모범음식점,안심식당,트립어드바이저","서울특별시 동작구 만양로 85, (노량진동)",한식,영양삼계탕,22.1,노량진제1동,028152250, 
막내회센타,영등포구,N,N,N,Y,N,"모범음식점,블루리본,안심식당,트립어드바이저","서울특별시 영등포구 도신로53길 7, (신길동,지상2층)",일식,생선회,21.6,영등포본동,028446150, 
양산박,마포구,N,N,N,N,Y,"모범음식점,안심식당","서울특별시 마포구 마포대로4길 37, (도화동,1층)",한식,콩나물국밥,20.6,도화동,027110888, 
대우정,용산구,N,N,N,N,N,모범음식점,"서울특별시 용산구 후암로57길 7, (동자동,(지상1,2층))",한식,돼지고기구이,40.9,남영동,027529685, 
한우명가,서대문구,Y,N,N,N,N,-,"서울특별시 서대문구 연희로 46-1, (연희동)",한식,소갈비,13.0,연희동,-, 
하나유키,마포구,N,N,N,N,N,"모범음식점,트립어드바이저","서울특별시 마포구 마포대로 25, (마포동)",일식,정통일식,117.5,용강동,7160011, 
나주관,강동구,Y,Y,N,Y,Y,"모범음식점,안심식당","서울특별시 강동구 강동대로53길 31, (성내동,(1층))",한식,곰탕,39.3,성내제3동,266777766, 
강동일식,강동구,Y,N,N,N,N,"모범음식점,안심식당,트립어드바이저","서울특별시 강동구 동남로73길 17, (명일동,우진빌딩)",일식,모둠회,17.0,명일제2동,024410566, 
청해진,동작구,Y,Y,N,N,Y,"모범음식점,안심식당","서울특별시 동작구 노들로 674, 지상2층 20호 (노량진동)",일식,회정식,55.0,노량진제2동,222548950, 
가시리,강남구,Y,N,N,Y,N,-,"서울특별시 강남구 논현로79길 64, (역삼동,지상1층)",한식,보리굴비,42.4,역삼1동,025675829, 
창포,강남구,N,N,N,N,N,모범음식점,"서울특별시 강남구 선릉로62길 19, (대치동)",한식,손만두,45.5,대치4동,025010155, 
14일의 설레임,양천구,Y,Y,N,N,Y,"모범음식점,안심식당","서울특별시 양천구 월정로 20, 1층 (신월동)",한식,삼겹살,35.7,신월2동,226937997, 
부자돼소,중랑구,N,Y,N,N,N,"모범음식점,안심식당","서울특별시 중랑구 봉우재로 126, (면목동)",뷔페,뷔페,45.2,면목본동,024388868, 
홍보석,영등포구,Y,Y,N,Y,Y,"모범음식점,씨트립,안심식당,트립어드바이저","서울특별시 영등포구 의사당대로 108, (여의도동)",중식,잡탕밥,164.0,여의동,027836622, 
홍린,강서구,Y,N,N,N,N,"모범음식점,안심식당","서울특별시 강서구 우장산로15길 25, 1~3층 (화곡동)",중식,탕수육,98.8,화곡제6동,226086556, 
박할매쭈꾸미,강북구,N,Y,N,N,N,"모범음식점,포장가능","서울특별시 강북구 도봉로10나길 5, (미아동,(분수대2길 5))",한식,쭈꾸미,13.8,송중동,029854998, 
개성숯불갈비,중랑구,N,N,N,N,N,"모범음식점,안심식당","서울특별시 중랑구 겸재로 261, (망우동)",한식,돼지갈비,54.6,망우제3동,024937833, 
월매네남원추어탕,마포구,N,N,N,Y,N,"모범음식점,안심식당","서울특별시 마포구 마포대로14길 19-1, (공덕동,1층)",한식,추어탕,46.3,공덕동,027045333, 
큰대문집,성북구,N,N,N,N,N,트립어드바이저,"서울특별시 성북구 종암로14길 6-21, (종암동)",한식,갈비탕,24.0,종암동,029130901, 
잠실영양센타,송파구,N,N,N,N,N,"모범음식점,트립어드바이저","서울특별시 송파구 백제고분로7길 14, (잠실동)",분식,삼계탕,76.2,잠실본동,024243996, 
김가네곱창구이,구로구,Y,Y,N,N,N,모범음식점,"서울특별시 구로구 도림로 93, (구로동)",한식,모듬곱창,17.9,구로제4동,028670445, 
용수사,강남구,N,N,N,Y,N,모범음식점,"서울특별시 강남구 삼성로86길 7, (대치동,지상2층)",일식,회,90.1,대치2동,025671516, 
후지,강남구,Y,Y,N,N,Y,-,"서울특별시 강남구 삼성로86길 23, (대치동,지하1층,지상1층)",일식,대게요리,85.3,대치4동,025679880, 
촌장골,강서구,Y,Y,Y,N,Y,"모범음식점,씨트립,안심식당,포장가능","서울특별시 강서구 양천로 59, 2층 (방화동)",한식,촌장소왕구이,137.5,방화제1동,226618592, 
광시생고기,관악구,N,N,N,N,N,"모범음식점,안심식당","서울특별시 관악구 관악로30길 15, 1층 (봉천동)",한식,-,66.6,청림동,028837700, 
토말,강남구,N,N,N,N,N,모범음식점,"서울특별시 강남구 선릉로121길 13, 지상1, 2층 (논현동)",한식,보리굴비,121.0,논현1동,-, 
월매네남원추어탕,중구,N,N,N,Y,N,모범음식점,"서울특별시 중구 서소문로 109-8, (서소문동)",한식,추어탕,28.0,소공동,027579680, 
서우샤브샤브,강북구,N,N,N,N,N,모범음식점,"서울특별시 강북구 도봉로 213, (미아동,(도봉로213)(지상2층))",한식,샤브샤브,87.3,미아동,029839446, 
박가네 빈대떡,종로구,N,N,N,Y,Y,"모범음식점,안심식당,포장가능","서울특별시 종로구 동호로 403-16, 1~2층 (종로5가)",한식,육회,22.6,종로5.6가동,-, 
고추찜닭,동작구,Y,N,N,N,Y,"모범음식점,안심식당,포장가능","서울특별시 동작구 동작대로27가길 14, (사당동)",한식,찜닭,14.0,사당제2동,025921125, 
부산회집,송파구,Y,N,N,N,Y,모범음식점,"서울특별시 송파구 올림픽로35길 94, (신천동,장미C상가 2,3,4호)",일식,생선회,65.3,잠실4동,024184624, 
전주식당,은평구,N,N,N,N,N,"모범음식점,안심식당","서울특별시 은평구 대서문길 15-7, (진관동,지상1~2층, 지하1층)",한식,갈비,130.6,진관동,023553300, 
족발마루,은평구,N,N,N,N,N,"모범음식점,포장가능","서울특별시 은평구 응암로21가길 30, 1층 (응암동)",한식,돼지족발,18.2,응암제1동,023030021, 
착한낙지,은평구,N,N,N,N,N,"모범음식점,안심식당","서울특별시 은평구 연서로 322, 1,2층 (불광동)",한식,"낙지볶음, 연포탕",60.5,불광제2동,023538113, 
뚝배기손칼국수,강동구,N,N,N,Y,N,모범음식점,"서울특별시 강동구 천호대로 1187, (길동)",한식,칼국수,24.3,길동,024742027, 
흑돈가,영등포구,Y,N,N,Y,Y,"모범음식점,안심식당,트립어드바이저","서울특별시 영등포구 여의대방로69길 23, (여의도동,지하1층,지상1층,지상2층)",한식,흑돼지 생구이,442.0,여의동,027838800, 
지하오,강남구,Y,Y,N,N,Y,"모범음식점,포장가능","서울특별시 강남구 논현로64길 34, (역삼동,지상1층)",중식,찹쌀탕수육,19.0,역삼2동,025589119, 
사조미가,서대문구,Y,Y,N,Y,Y,"모범음식점,안심식당","서울특별시 서대문구 통일로 107-39, 2층 (충정로2가)",한식,한정식,163.1,충현동,-, 
고기마을 호수,금천구,N,N,N,N,N,모범음식점,"서울특별시 금천구 벚꽃로 73, (독산동,금천현대아파트 상가동 201호)",한식,-,22.8,독산제1동,-, 
댓짱돈까스,서초구,Y,Y,N,Y,Y,"모범음식점,트립어드바이저,포장가능","서울특별시 서초구 방배중앙로 204, 1층 101호, 102호, 106호 (방배동, 리첸시아방배)",한식,돈가스,42.6,방배본동,025347009, 
도일처,강서구,Y,N,N,Y,N,"모범음식점,안심식당","서울특별시 강서구 개화동로 567, 1~2층 (방화동)",중식,누룽지해물탕,36.0,방화제2동,226622322, 
원조닭칼국수,강남구,N,N,N,N,N,모범음식점,"서울특별시 강남구 논현로10길 13, (개포동,지상1층)",분식,닭칼국수,26.0,개포4동,234614424, 
개성집,강남구,N,N,N,N,N,-,"서울특별시 강남구 봉은사로1길 6, (논현동,지상1층)",한식,삼겹살,49.9,논현1동,025478526, 
알천생태찌개,송파구,N,N,N,N,N,"모범음식점,트립어드바이저","서울특별시 송파구 백제고분로9길 6, A동 지상1층 (잠실동)",한식,-,44.8,잠실본동,222026633, 
역촌왕돈까스,은평구,Y,N,N,N,N,모범음식점,"서울특별시 은평구 진흥로 121-1, 1,2층 (대조동)",양식,돈까스,33.1,대조동,023840269, 
평양면옥,중구,Y,N,N,N,Y,"모범음식점,미쉐린 가이드,블루리본","서울특별시 중구 장충단로 207, (장충동1가,, 26 - 32 (1층))",한식,냉면,57.1,장충동,222677784, 
더함,용산구,Y,Y,N,N,Y,모범음식점,"서울특별시 용산구 청파로47길 52, 2층 201,203호 (청파동2가)",한식,한정식,82.3,청파동,027073692, 
서초갈비,서초구,Y,Y,N,N,Y,"모범음식점,블루리본,트립어드바이저","서울특별시 서초구 반포대로 12, 2층 (서초동)",한식,등심,56.6,서초제3동,025822988, 
구레스시,강남구,N,N,N,N,N,모범음식점,"서울특별시 강남구 강남대로 390, (역삼동)",일식,초밥,99.9,역삼1동,0264691199, 
더 센다이,마포구,Y,N,N,N,N,"모범음식점,안심식당","서울특별시 마포구 큰우물로 75, 지하1층 18,19호 (도화동)",한식,생선회,41.8,도화동,-, 
안동찜닭 해물떡찜,강남구,N,N,N,N,N,"모범음식점,트립어드바이저","서울특별시 강남구 영동대로 513, 지하1층 M109호 (삼성동, B1 코엑스몰)",한식,안동찜닭,20.1,삼성1동,260026447, 
하동관,강남구,N,N,N,N,N,"모범음식점,포장가능","서울특별시 강남구 영동대로 513, 지하1층 J-101호 (삼성동, 코엑스 기존컨벤션센터)",한식,한우곰탕,61.2,삼성1동,-, 
김앤김대게,마포구,Y,Y,N,Y,Y,"모범음식점,씨트립,안심식당,포장가능","서울특별시 마포구 양화로 100, (서교동, 3층)",한식,킹크랩,106.9,서교동,3336659, 
포짜오,송파구,N,N,N,N,N,모범음식점,"서울특별시 송파구 오금로46길 8, 1층 (가락동)",아시안음식,쌀국수,20.5,가락본동,-, 
성수동양갈비,성동구,Y,Y,N,N,N,모범음식점,"서울특별시 성동구 성수일로12길 33, (성수동2가,지상1층)",한식,양고기,20.9,성수2가제1동,024974987, 
명가들깨칼국수,양천구,Y,N,N,N,N,모범음식점,"서울특별시 양천구 은행정로 12, 1층 (신정동)",한식,칼국수,29.7,신정1동,226533070,Y
팔보,용산구,N,N,N,Y,N,모범음식점,"서울특별시 용산구 원효로 70, (원효로4가, 118-1 지상2층)",중식,전가복,45.3,원효로제2동,027157079, 
참복집,마포구,N,N,N,N,N,"모범음식점,안심식당","서울특별시 마포구 만리재로1길 14, (공덕동)",일식,복지리,10.4,아현동,027151198, 
코바코,광진구,N,N,N,N,N,"모범음식점,포장가능","서울특별시 광진구 강변역로4길 10, (구의동,(103호))",분식,돈가스,8.8,구의제3동,024447893, 
소미연,송파구,Y,N,N,N,N,모범음식점,"서울특별시 송파구 가락로 86, 1층 (석촌동)",한식,"짜장면,탕수육",53.4,석촌동,024138887, 
마포원조주물럭,마포구,N,N,N,N,N,"모범음식점,안심식당","서울특별시 마포구 토정로 294, (용강동)",한식,주물럭,62.2,용강동,027193001, 
오마니 오리구이,강북구,N,N,N,N,N,모범음식점,"서울특별시 강북구 도봉로10라길 2, (미아동,(지상1층))",한식,오리로스,14.5,송중동,029895292, 
청종나주곰탕,중구,N,N,N,N,N,모범음식점,"서울특별시 중구 삼일대로 330, 평화빌딩 지하1층 (저동1가)",한식,칼국수,60.9,명동,222739191, 
참맛감자탕,중구,Y,N,N,N,N,모범음식점,"서울특별시 중구 다산로 107, (신당동,(1층))",한식,감자탕,59.0,다산동,222310240, 
김선장횟집,강동구,N,N,N,Y,N,"모범음식점,안심식당","서울특별시 강동구 올림픽로98길 49, 가나안빌딩1 지1층 (암사동)",일식,회,29.0,암사제1동,024417706, 
삼수갑산,관악구,Y,Y,N,Y,Y,"모범음식점,안심식당","서울특별시 관악구 남현1길 38-9, 2,3층 (남현동)",한식,-,97.4,남현동,025830012, 
한성칼국수,강남구,N,N,N,N,Y,"모범음식점,블루리본,포장가능","서울특별시 강남구 언주로148길 14, 청호불교문화원 가동 지상2층 (논현동)",한식,"칼국수, 수육, 모듬전",100.5,논현1동,025440540, 
황해도찹쌀순대,도봉구,N,N,N,N,N,"모범음식점,안심식당","서울특별시 도봉구 마들로 659, (방학동,(지상1층))",한식,곰탕,20.0,방학제1동,029548081, 
지호한방삼계탕,강동구,N,N,N,Y,N,"모범음식점,안심식당","서울특별시 강동구 올림픽로 813, (암사동)",한식,삼계탕,39.9,암사제2동,024413318, 
지호한방삼계탕,은평구,N,N,N,Y,N,"모범음식점,안심식당","서울특별시 은평구 연서로 47, 1층 (역촌동)",한식,삼계탕,32.1,역촌동,023893343, 
지호한방삼계탕,은평구,N,N,N,Y,N,"모범음식점,안심식당","서울특별시 은평구 서오릉로 222, 2층 (갈현동)",한식,삼계탕,82.4,갈현제2동,023552110, 
송화양꼬치,광진구,Y,N,N,N,Y,트립어드바이저,"서울특별시 광진구 동일로18길 70, (자양동)",중식,양꼬치,38.5,자양제4동,024627826, 
용금옥,종로구,N,N,N,Y,N,"모범음식점,미쉐린 가이드,블루리본","서울특별시 종로구 자하문로 41-2, (통인동)",한식,추어탕,23.2,청운효자동,027774749, 
오양회참치,중구,Y,N,N,N,Y,모범음식점,"서울특별시 중구 세종대로21길 49, (태평로1가)",일식,참치,165.3,명동,027361001, 
제주바당,양천구,N,N,N,N,Y,"모범음식점,안심식당","서울특별시 양천구 신목로14길 6-1, 1층 101호 (신정동)",한식,생선조림,39.9,신정2동,226424604, 
도쿄커틀릿,성북구,N,N,N,N,N,모범음식점,"서울특별시 성북구 동소문로22길 57-1, (동선동2가)",한식,돈까스,14.5,동선동,029299292, 
김용희 참치,노원구,N,Y,N,N,Y,모범음식점,"서울특별시 노원구 동일로176길 3, 1층 (공릉동)",일식,참치회,44.6,공릉1동,029794042, 
대방골,영등포구,Y,Y,N,Y,N,"모범음식점,블루리본,안심식당","서울특별시 영등포구 국회대로 800, 여의도파라곤 지하1층 B114~125호 (여의도동)",한식,한정식,136.3,여의동,027834999, 
시골집,관악구,N,N,N,N,N,트립어드바이저,"서울특별시 관악구 낙성대로 22-7, (봉천동)",한식,-,28.1,낙성대동,028747333, 
시골명가,관악구,N,Y,N,N,N,"모범음식점,안심식당","서울특별시 관악구 남현1길 40, 2층 (남현동)",한식,-,47.0,남현동,025863011, 
신안산낙지철판,관악구,N,N,N,N,N,"모범음식점,안심식당","서울특별시 관악구 봉천로 213-20, 1층 (봉천동)",한식,-,23.9,보라매동,028861265, 
양평해장국,관악구,Y,N,N,N,N,"모범음식점,안심식당","서울특별시 관악구 봉천로 229, (봉천동,(972번지 3호))",한식,-,40.4,보라매동,028752366, 
심가면옥,관악구,N,N,N,N,N,"모범음식점,안심식당","서울특별시 관악구 신림로 121, 2층 (신림동)",한식,-,62.5,대학동,028872777, 
예전,관악구,Y,N,N,Y,N,"모범음식점,안심식당","서울특별시 관악구 봉천로 209, 7층 (봉천동, 롯데백화점)",한식,-,38.5,보라매동,028411701, 
또순이집,영등포구,Y,N,N,Y,N,트립어드바이저,"서울특별시 영등포구 선유로47길 16, (양평동4가,지상1층)",한식,"토시살,안등심",136.1,양평제2동,226722770, 
하루방 유황오리,도봉구,N,N,N,N,N,모범음식점,"서울특별시 도봉구 노해로63나길 8, (창동)",한식,오리,26.4,창제5동,029915292, 
송림각,도봉구,N,N,N,N,N,"모범음식점,안심식당","서울특별시 도봉구 방학로 223, (방학동,신동아상가)",중식,탕수육,32.5,방학제3동,234913334, 
야래향,은평구,Y,Y,N,N,Y,"모범음식점,안심식당,포장가능","서울특별시 은평구 통일로 1010, (진관동, B106,B107)",중식,"자장면, 탕수육",75.9,진관동,027523201, 
망향비빔국수,광진구,Y,N,N,Y,Y,"모범음식점,포장가능","서울특별시 광진구 천호대로 694, (구의동,(1층))",한식,비빔국수,51.9,구의제2동,024541357, 
횡성한우목장,용산구,Y,Y,N,N,N,모범음식점,"서울특별시 용산구 효창원로48길 6, (용문동)",한식,소갈비,42.3,용문동,027168592, 
동대구탕,송파구,N,N,N,N,N,모범음식점,"서울특별시 송파구 오금로11길 55, 1층 105,106,107,108호 (방이동, 현대주상복합빌딩)",한식,대구탕,54.4,방이1동,024192828, 
을밀대,송파구,N,N,N,N,N,모범음식점,"서울특별시 송파구 오금로15길 7-13, 지상1층 (방이동)",한식,평양냉면,69.4,방이1동,234325233, 
시골집,동작구,Y,N,N,Y,N,모범음식점,"서울특별시 동작구 양녕로26길 56, 2층 ,1층 나동 1호 (상도동)",한식,제육불고기,30.4,상도제4동,028218889, 
하나로회관,종로구,N,N,N,N,N,"모범음식점,씨트립,안심식당","서울특별시 종로구 인사동5길 25, (인사동)",한식,"불고기, 김치찌개",89.7,종로1.2.3.4가동,207327451, 
솔밭숯불갈비,종로구,N,N,N,N,N,모범음식점,"서울특별시 종로구 삼일대로28길 5, (낙원동)",한식,숯불갈비,22.1,종로1.2.3.4가동,207653055, 
청진옥,종로구,Y,N,N,N,Y,"모범음식점,블루리본,트립어드바이저","서울특별시 종로구 종로3길 32, 1~4층 (청진동)",한식,해장국,129.1,종로1.2.3.4가동,027351690, 
제주고깃집,성북구,N,N,N,N,Y,모범음식점,"서울특별시 성북구 보문로 144, (보문동1가, 외 1필지 보문뉴타운)",한식,오겹살,36.9,보문동,-, 
성일한우정육점식당,성동구,Y,N,N,N,Y,트립어드바이저,"서울특별시 성동구 아차산로3길 9, 1~2층 (성수동1가)",한식,등심,27.2,성수1가제1동,-, 
종로진낙지,종로구,N,Y,N,N,Y,"모범음식점,씨트립","서울특별시 종로구 수표로 122, 1,2층 (낙원동)",한식,낙지,35.8,종로1.2.3.4가동,027420621, 
남대문막내횟집,종로구,N,Y,N,N,N,"모범음식점,안심식당,트립어드바이저,포장가능","서울특별시 종로구 우정국로 4-1, (관철동)",일식,회,27.8,종로1.2.3.4가동,027348653, 
풍년갈비,강북구,N,N,N,N,N,모범음식점,"서울특별시 강북구 솔샘로67길 132, (미아동)",한식,돼지갈비,36.0,송천동,029801631, 
감자탕을 만드는 형제들,은평구,N,N,N,N,N,모범음식점,"서울특별시 은평구 통일로83길 6-8, 1층 (갈현동)",한식,자장면,46.0,갈현제1동,023556338, 
송쉐프,송파구,N,N,N,N,N,모범음식점,"서울특별시 송파구 백제고분로 357, 1~2층 (석촌동)",중식,"전가복, 게살볶음",101.6,석촌동,024211178, 
사랑채,마포구,Y,N,N,N,N,"모범음식점,안심식당","서울특별시 마포구 신촌로12가길 36, (노고산동)",한식,우거지갈비탕,33.3,대흥동,023364479, 
흥수갈비,은평구,N,N,N,Y,N,"모범음식점,안심식당","서울특별시 은평구 응암로13길 7, 1층 (응암동)",한식,돼지갈비,53.8,응암제1동,023026586, 
할매복집,중랑구,N,N,N,N,N,"모범음식점,안심식당","서울특별시 중랑구 공릉로 82, (묵동)",일식,복요리,47.8,묵제1동,029797606, 
시래불고기 화풍정,동작구,Y,Y,N,N,Y,모범음식점,"서울특별시 동작구 상도로 102, (상도동)",한식,한식(돼지갈비),41.9,상도제3동,028143392, 
영천영화,강남구,Y,Y,N,Y,Y,"모범음식점,포장가능","서울특별시 강남구 도산대로90길 3, (청담동,상민빌딩 1,2층)",한식,한우,174.6,청담동,234420381, 
옛가 칼국수,중랑구,Y,N,N,N,N,"모범음식점,안심식당","서울특별시 중랑구 중랑천로10길 39, (상봉동)",한식,칼국수,32.7,상봉제2동,024921555, 
미스터아구,노원구,Y,Y,Y,N,Y,"모범음식점,트립어드바이저,포장가능","서울특별시 노원구 덕릉로 744, 금강빌딩 1층 (상계동)",한식,아구찜,60.0,상계3.4동,029394020, 
메기 한마당,강북구,N,N,N,Y,N,모범음식점,"서울특별시 강북구 4.19로 36, (수유동)",한식,매운탕,33.5,수유제1동,029960180, 
유진막국수,용산구,Y,N,N,N,N,"모범음식점,블루리본,씨트립","서울특별시 용산구 장문로 18, (동빙고동,(지상1층))",한식,막국수,34.3,서빙고동,027972307, 
통나무집,은평구,Y,N,N,N,Y,"모범음식점,안심식당","서울특별시 은평구 진흥로19길 6, 1~3층 (불광동)",한식,오리고기,74.7,불광제1동,023565533, 
통나무집,은평구,Y,N,N,N,Y,"모범음식점,안심식당","서울특별시 은평구 진흥로19길 8, 1,2,3층 (불광동)",한식,"오리,닭",76.5,불광제1동,023565533, 
화수목,마포구,Y,N,N,Y,N,"모범음식점,안심식당","서울특별시 마포구 창전로 70, 1,2층 (신수동)",중식,중식,195.9,신수동,-, 
성민촌,영등포구,Y,N,N,N,N,"모범음식점,안심식당,트립어드바이저","서울특별시 영등포구 여의나루로 71, 1 1호 (여의도동,동화빌딩)",한식,해물샤브샤브,31.8,여의동,027806262, 
바다를 훔친 언니,강남구,N,N,N,N,N,포장가능,"서울특별시 강남구 강남대로154길 12, (신사동)",분식,"해물모둠, 전골",26.0,신사동,-, 
내림손 삼계탕,강남구,Y,N,N,Y,N,모범음식점,"서울특별시 강남구 논현로 428, (역삼동,지상1층)",한식,삼계탕,33.9,역삼2동,025547266, 
초선과여포,서초구,Y,N,N,N,N,트립어드바이저,"서울특별시 서초구 서초대로78길 44, (서초동,201호)",중식,깐쇼새우,28.0,서초제2동,-, 
대흥설농탕,동대문구,N,N,N,N,N,모범음식점,"서울특별시 동대문구 한천로 60, (장안동)",한식,설렁탕,37.0,장안제1동,222493939, 
강남목장,강남구,Y,Y,N,Y,Y,모범음식점,"서울특별시 강남구 논현로86길 34, (역삼동,지상1층)",한식,생고기 구이,108.9,역삼2동,2, 
마구로센,용산구,Y,N,N,Y,N,-,"서울특별시 용산구 대사관로31길 24, (한남동,(지상1층))",일식,참치,42.2,한남동,027921110, 
천미향,광진구,Y,Y,N,N,Y,"모범음식점,씨트립,안심식당","서울특별시 광진구 능동로 237, 2층 (군자동)",중식,자장면,98.2,군자동,024648088, 
은호식당,영등포구,N,N,N,Y,N,"모범음식점,트립어드바이저","서울특별시 영등포구 여의대방로65길 6, 지하1층 102호 (여의도동, 센터빌딩)",한식,꼬리곰탕,73.8,여의동,027816193, 
진미명가,구로구,N,N,N,N,N,모범음식점,"서울특별시 구로구 도림로 49-3, (구로동)",한식,갈치조림,9.0,구로제4동,028532189, 
청자골,강남구,Y,Y,N,N,Y,모범음식점,"서울특별시 강남구 역삼로77길 17, (대치동,지상1층)",한식,꽃등심,43.0,대치4동,029350609, 
반룡산,강남구,N,N,N,N,N,"모범음식점,트립어드바이저","서울특별시 강남구 테헤란로78길 26, (대치동,지상1층)",양식,냉면,64.8,대치4동,-, 
할매보쌈,중랑구,Y,N,N,N,Y,"모범음식점,안심식당,포장가능","서울특별시 중랑구 면목로 352, (면목동)",한식,보쌈 쟁반국수,32.0,면목제3.8동,024354632, 
정감어린,용산구,Y,N,N,Y,N,"모범음식점,씨트립","서울특별시 용산구 후암로 4, (후암동,(지상2,3,4층))",한식,소갈비,115.0,후암동,027544389, 
서리원,마포구,Y,N,N,N,Y,"모범음식점,안심식당","서울특별시 마포구 마포대로 173, (공덕동, 현대하이엘빌딩B123,124,125,126호)",한식,한정식,89.0,공덕동,263531447, 
원명품생태,노원구,Y,N,N,N,N,"모범음식점,포장가능","서울특별시 노원구 노해로75길 14-27, (상계동)",한식,생태찌개,32.8,상계6.7동,029394208, 
태능숯불갈비,노원구,N,N,N,N,N,모범음식점,"서울특별시 노원구 한글비석로1길 37, 샛말빌딩 1층 (하계동)",한식,돼지갈비,41.0,하계1동,029745074, 
오계절 남원추어탕,서대문구,N,N,N,Y,N,"모범음식점,안심식당","서울특별시 서대문구 연희로 267, 2층 (홍은동)",한식,추어탕,18.2,홍은제2동,-, 
스시존,성동구,N,N,N,N,N,모범음식점,"서울특별시 성동구 마조로7길 4, 1층 (행당동, 1-99)",일식,초밥,13.5,사근동,7040455253, 
양귀비짬뽕,용산구,N,N,N,Y,N,모범음식점,"서울특별시 용산구 후암로 38, 지상1층 (후암동, 추빌딩)",중식,짬뽕,44.6,후암동,027765200, 
독도게찜,중랑구,N,N,N,N,N,"모범음식점,안심식당","서울특별시 중랑구 망우로 458, D동 1층 (망우동)",일식,게찜,76.5,망우본동,024338892, 
"오, 심숙이 쭈삼낙",송파구,Y,Y,N,N,Y,"모범음식점,포장가능","서울특별시 송파구 송파대로30길 19-11, 1층 (가락동)",한식,"낙지,쭈꾸미 삼겹",28.9,가락본동,024309399, 
자연솜씨 이대서울병원,강서구,N,N,N,N,N,포장가능,"서울특별시 강서구 공항대로 260, 이화의대부속서울병원 지하 1층 (마곡동)",한식,"갈비탕, 제육볶음, 생대구탕",108.5,발산제1동,221355597, 
외백,영등포구,Y,Y,N,N,Y,"모범음식점,안심식당","서울특별시 영등포구 국회대로72길 17, KCC파크타운 301~311호 (여의도동)",중식,자장면,161.8,여의동,027805393, 
서백자 간장게장,강남구,Y,N,N,N,Y,모범음식점,"서울특별시 강남구 삼성로 542, 지상2층 (삼성동, 석천빌딩)",중식,간장게장,78.7,삼성1동,0234536008, 
오시반상,용산구,Y,N,N,N,Y,모범음식점,"서울특별시 용산구 한강대로 92, (한강로2가,국제빌딩 아케이드 지하1층)",한식,원조현미비빔밥,18.0,한강로동,7088614444, 
서평면옥,동작구,Y,Y,N,N,Y,모범음식점,"서울특별시 동작구 보라매로5길 15, 전문건설회관빌딩 지하1층 (신대방동)",한식,갈치조림,150.0,신대방제2동,232843677, 
회나무식당,용산구,Y,Y,N,N,Y,모범음식점,"서울특별시 용산구 녹사평대로 238-1, 1층 (이태원동)",한식,초당순두부,24.9,이태원제2동,027900831, 
진가,마포구,N,Y,N,N,N,"모범음식점,블루리본,안심식당","서울특별시 마포구 동교로34길 12, 1층 (연남동)",중식,짜장면,23.1,연남동,-, 
함경면옥,영등포구,Y,N,N,Y,Y,"모범음식점,안심식당,위생등급제 지정업소,포장가능","서울특별시 영등포구 경인로 846, (영등포동, 롯데백화점 지상10층)",한식,냉면,56.5,영등포동,221645484, 
원주추어탕,영등포구,N,N,N,Y,N,-,"서울특별시 영등포구 대림로22길 1, (대림동, 1층)",한식,추어탕,37.1,대림제1동,028351188, 
서촌친구네,종로구,N,N,N,Y,N,-,"서울특별시 종로구 사직로 103-4, (내자동)",기타,육류,28.4,사직동,027305611, 
돌담길,중구,N,N,N,N,N,-,"서울특별시 중구 서소문로9길 28, 지하1층 B123호 (순화동, 덕수궁롯데캐슬)",한식,삼겹살,16.1,소공동,-, 
을지다락,중구,N,Y,N,N,N,-,"서울특별시 중구 수표로10길 19, 4층 (초동)",양식,파스타오므라이스,17.9,을지로동,-, 
명운 참 숯불구이,중구,N,N,N,N,N,-,"서울특별시 중구 다산로42다길 48, 한국문서선교회 1층 (신당동)",한식,돼지갈비,36.7,신당동,0222336657, 
나주곰탕,중구,N,N,N,N,N,트립어드바이저,"서울특별시 중구 칠패로 42, 1층 106호 (봉래동1가, 우리빌딩)",한식,곰탕,52.9,소공동,0237893405, 
마작골,중구,N,N,N,N,N,-,"서울특별시 중구 퇴계로88길 21, 1층 (신당동)",한식,흑염소탕,30.2,신당제5동,-, 
담비곱창,중구,N,N,N,N,N,-,"서울특별시 중구 남대문로9길 40, (다동, YG타워 1층 106호)",한식,곱창,15.9,명동,0260318909, 
조선정육식당,중구,N,N,N,N,N,모범음식점,"서울특별시 중구 남대문로7길 33, (소공동,(지상1층 104호))",한식,한식,26.0,소공동,7738592, 
푸드익스체인지,중구,Y,Y,N,Y,Y,트립어드바이저,"서울특별시 중구 을지로 238, 20층 (을지로6가)",뷔페,뷔페,145.4,광희동,234258000, 
오징어 풍경,중구,N,Y,N,N,Y,-,"서울특별시 중구 다동길 5, 광일빌딩 1층 (무교동)",한식,생선회,76.3,명동,027560777, 
하얼빈 양꼬치,송파구,Y,Y,N,N,Y,트립어드바이저,"서울특별시 송파구 백제고분로7길 32-4, 1층 (잠실동)[*미고시]",한식,"양꼬치, 꿔바로우",33.0,잠실본동,-, 
나고야,송파구,N,N,N,N,N,-,"서울특별시 송파구 중대로25길 10, (오금동)",일식,회,34.8,오금동,024095551, 
청진동해장국,송파구,N,N,N,N,N,-,"서울특별시 송파구 풍성로 77, C동 지상1층 (풍납동)",한식,해장국,29.0,풍납1동,024785194, 
깐부치킨,송파구,N,N,N,Y,Y,-,"서울특별시 송파구 백제고분로7길 19, (잠실동)",한식,-,34.7,잠실본동,024188181, 
동경,송파구,N,N,N,N,N,-,"서울특별시 송파구 양재대로 1164, 지상2층 (오금동)",한식,샤브샤브,45.1,오금동,024040036, 
완도산회포장마차,송파구,Y,N,N,N,Y,-,"서울특별시 송파구 백제고분로41길 10, (송파동)",한식,회,29.9,송파1동,2, 
가일,송파구,N,N,N,N,N,-,"서울특별시 송파구 오금로11길 55, (방이동,현대주상복합빌딩 109,110,111호)",한식,-,33.1,방이2동,024252928, 
해도듦제주포크,송파구,N,N,N,N,N,-,"서울특별시 송파구 가락로16길 2-13, (석촌동)",한식,삼겹살구이,19.1,석촌동,024172020, 
잠실황소곱창,송파구,Y,Y,N,Y,N,-,"서울특별시 송파구 삼학사로19길 5, 지상1층 (삼전동)",한식,황소곱창,17.8,삼전동,024238817, 
제일곱창,송파구,N,N,N,N,N,-,"서울특별시 송파구 오금로15길 5-24, 1층 (방이동)",한식,-,42.4,방이2동,-, 
명동찌개마을,송파구,Y,Y,N,N,Y,-,"서울특별시 송파구 송이로 102, 지상1층 (가락동)",한식,돼지갈비,52.2,가락본동,-, 
장털보설렁탕,송파구,N,N,N,N,Y,-,"서울특별시 송파구 중대로 304, 천진빌딩 1층 (오금동)",한식,설렁탕,49.3,오금동,024090520, 
마싯소,송파구,Y,Y,N,N,N,-,"서울특별시 송파구 오금로11길 49, 지상1층 101호 (방이동, 보보스타워)",한식,소고기,63.9,방이2동,024254200,Y
래향,송파구,Y,N,N,N,N,-,"서울특별시 송파구 중대로25길 20, 1층 (오금동)",중식,"짜장면, 짬뽕",47.6,오금동,-, 
옛날소머리 국밥집,송파구,N,N,N,N,N,-,"서울특별시 송파구 중대로 275, (오금동,우리빌딩 1층)",한식,소머리국밥,57.9,오금동,024704819, 
도삭면공방,송파구,Y,N,N,N,Y,-,"서울특별시 송파구 백제고분로7길 8-12, 승현빌딩 1층 (잠실동)",중식,면류,43.4,잠실본동,-, 
구룡포막회,송파구,N,N,N,N,N,-,"서울특별시 송파구 정의로7길 13, 1층 103호 (문정동)",일식,활어회,16.6,문정1동,-, 
선수산 임진강 장어나라,송파구,N,N,N,N,N,-,"서울특별시 송파구 정의로7길 13, 힐스테이트에코송파 1층 116호,117호 (문정동)",한식,장어,36.4,문정1동,-, 
팔화당,송파구,Y,Y,N,N,Y,모범음식점,"서울특별시 송파구 송파대로 201, 송파 테라타워2 A동 1층 121,122,123,124호 (문정동)",한식,돼지고기 구이,48.9,문정1동,-, 
소풍,송파구,N,N,N,N,N,-,"서울특별시 송파구 마천로 250, 1층 3호 (거여동)",한식,한정식,70.2,거여1동,-, 
우돈제주생고기,송파구,N,N,N,N,N,-,"서울특별시 송파구 동남로28길 6, 우암빌딩 101호 (오금동)",한식,삼겹살,10.0,오금동,-,Y
양타령,송파구,Y,Y,N,N,N,-,"서울특별시 송파구 위례성대로 192, 1층 (오금동)",한식,양구이,52.9,오금동,-, 
완산정,관악구,N,N,N,Y,N,블루리본,"서울특별시 관악구 봉천로 484, 2층 (봉천동)",한식,-,17.0,행운동,028783400, 
삼미,강남구,N,N,N,N,N,-,"서울특별시 강남구 학동로2길 30, (논현동)",한식,돼지갈비,20.1,논현1동,025499485, 
현대낙지집,강남구,Y,N,N,Y,N,-,"서울특별시 강남구 압구정로14길 11, (신사동)",한식,"낙지, 감자탕",27.8,신사동,025461022, 
낙지마을,강북구,N,N,N,Y,N,-,"서울특별시 강북구 삼양로29길 11, (미아동)",한식,-,21.5,삼각산동,029828740, 
문가네정육식당,강북구,Y,Y,N,N,Y,-,"서울특별시 강북구 한천로 1077, 현광빌딩 1,2층 (수유동)",한식,소고기구이,134.6,수유제3동,-, 
계성치킨,관악구,N,N,N,N,N,씨트립,"서울특별시 관악구 남현길 18, (남현동)",주점,-,16.9,남현동,025859858, 
물고기자리,강남구,Y,Y,N,N,N,-,"서울특별시 강남구 언주로133길 18, 지상2층 (논현동)",한식,생선구이,59.9,논현1동,025483392, 
그랜드키친,강남구,Y,N,N,Y,Y,"모범음식점,트립어드바이저","서울특별시 강남구 테헤란로 521, 지상1층 (삼성동)",뷔페,뷔페,509.1,삼성1동,200000000, 
뱃고동,강남구,N,Y,N,Y,Y,"모범음식점,블루리본","서울특별시 강남구 언주로172길 54, (신사동)",분식,오징어볶음,56.3,압구정동,025148008, 
락궁,강북구,N,N,N,Y,N,-,"서울특별시 강북구 덕릉로42길 23, (번동,(지상1층))",중식,짬뽕,21.1,번제2동,029866200, 
언양불고기,강남구,Y,N,N,Y,N,블루리본,"서울특별시 강남구 학동로2길 15, 1층 (논현동)",한식,소고기,43.8,논현1동,025482684, 
삼호짱뚱이,강남구,Y,N,N,Y,Y,-,"서울특별시 강남구 도산대로34길 11, (논현동)",한식,짱뚱이탕,32.4,논현2동,025156638, 
할머니가 차려주는 밥상,강서구,N,N,N,N,N,-,"서울특별시 강서구 공항대로 290, 2층 (내발산동, 우장산동)",한식,한정식,80.8,우장산동,236636639, 
어방참치,강남구,N,N,N,N,N,트립어드바이저,"서울특별시 강남구 삼성로84길 32, (대치동)",일식,참치회,24.5,대치2동,025582986, 
본초강목,강남구,Y,N,N,Y,N,모범음식점,"서울특별시 강남구 선릉로132길 60, (청담동)",한식,추어탕,22.8,청담동,205179803, 
새마을식당,강남구,N,N,N,N,N,트립어드바이저,"서울특별시 강남구 봉은사로 210, (역삼동)",한식,고기구이,90.9,역삼1동,2, 
태양수산,관악구,N,N,N,Y,N,-,"서울특별시 관악구 남현1길 19, (남현동)",한식,생선회,14.6,남현동,-, 
유장원보쌈,강남구,Y,N,N,Y,N,모범음식점,"서울특별시 강남구 학동로28길 5, (논현동,지상1,2층)",한식,"보쌈, 족발",77.2,논현1동,205165625, 
전준수 명품청기와 감자탕,강북구,N,N,N,N,N,-,"서울특별시 강북구 한천로 1005, (번동,(지상1층))",한식,감자탕,22.2,번제1동,029035424, 
영인성,강남구,Y,Y,N,Y,N,-,"서울특별시 강남구 봉은사로7길 9, (논현동,지상1층)",중식,자장면,26.6,논현1동,025178383, 
풍년집,관악구,N,N,N,N,N,-,"서울특별시 관악구 남부순환로230길 32, 1층 (봉천동)",한식,구이,9.1,낙성대동,-, 
또래끼리,광진구,N,N,N,Y,N,-,"서울특별시 광진구 군자로 101, 1층 (군자동)",한식,김치볶음밥,42.5,군자동,-, 
포크포크,광진구,N,Y,N,N,N,트립어드바이저,"서울특별시 광진구 동일로22길 117-16, (화양동)",기타,"돈가스, 냉면",13.9,화양동,-, 
담미온,강남구,N,N,N,N,N,-,"서울특별시 강남구 선릉로112길 18, (삼성동)",한식,수육국밥,14.4,삼성1동,234421654, 
어부사시가,관악구,N,Y,N,Y,N,-,"서울특별시 관악구 관악로14길 31, (봉천동)",분식,생선구이,8.5,낙성대동,028757056, 
홍주고깃간,관악구,N,Y,N,N,Y,-,"서울특별시 관악구 남현1길 59, (남현동)",기타,-,22.4,남현동,025821925, 
서울김밥,광진구,N,N,N,N,N,-,"서울특별시 광진구 아차산로57길 4, 풍강빌딩 1층 (구의동)",한식,김밥,24.3,구의제1동,-, 
돈뼈락,관악구,N,N,N,Y,N,-,"서울특별시 관악구 난곡로30길 8, 1층 (신림동)",한식,-,9.3,난곡동,028558662, 
유다까,강남구,N,N,N,Y,N,-,"서울특별시 강남구 봉은사로 312, 지상1층 101호,2층 201호,202호 (역삼동, 역삼동 하나빌)",일식,회,72.4,역삼1동,025167012, 
마당족발,광진구,N,Y,N,N,Y,"씨트립,안심식당","서울특별시 광진구 능동로 175, 1~2층 (화양동)",주점,족발,51.3,화양동,024683030, 
한방오리탕,관악구,N,Y,N,Y,N,-,"서울특별시 관악구 난우길 26, (신림동,지상1층)",한식,-,13.0,미성동,028302055, 
광명족발,강북구,Y,Y,N,N,Y,-,"서울특별시 강북구 삼양로27길 10, (미아동,(불당골길 8) 지상1층)",한식,족발,13.3,삼각산동,029861312, 
나주곰탕,관악구,Y,Y,N,N,N,트립어드바이저,"서울특별시 관악구 신림로28길 30, 1층 (신림동)",한식,-,26.7,서림동,028869353, 
개삼터 오리전문점,강동구,N,N,N,N,N,-,"서울특별시 강동구 양재대로124길 35, (길동)",한식,오리고기,39.9,길동,024875292, 
중경마라탕,강남구,N,Y,N,N,Y,-,"서울특별시 강남구 테헤란로1길 44, 지상1층 (역삼동)",양식,마라탕,45.8,역삼1동,025582151, 
대구한뽈때기,관악구,N,N,N,N,N,-,"서울특별시 관악구 봉천로7길 19, (봉천동,지상1층)",한식,대구탕,16.5,보라매동,288688889, 
석기정,강남구,N,N,N,N,N,트립어드바이저,"서울특별시 강남구 테헤란로84길 23, (대치동)",양식,돌솥부대찌개,23.9,대치4동,025566679, 
추풍령칼삼겹살,강남구,N,Y,N,Y,Y,모범음식점,"서울특별시 강남구 도산대로51길 41, (신사동)",한식,"삼겹살, 샤브샤브",10.7,압구정동,-, 
태능숯불갈비,관악구,N,N,N,Y,N,-,"서울특별시 관악구 봉천로7길 30, 2층 (봉천동)",한식,-,29.3,보라매동,-, 
호신각,강남구,Y,Y,N,N,Y,-,"서울특별시 강남구 테헤란로81길 16, 지상2층 (삼성동)",주점,자장면,59.9,삼성1동,025761150, 
명가김치찌개,관악구,N,N,N,N,N,-,"서울특별시 관악구 조원로 127, (신림동,지상1층)",한식,찌개,14.3,신사동,028395611, 
육일관,광진구,N,N,N,N,Y,-,"서울특별시 광진구 아차산로31길 10, (화양동,(지하1층,1,2층))",한식,"소고기, 돼지고기",45.5,화양동,024646868, 
뜨락,강남구,Y,N,N,Y,Y,"블루리본,씨트립","서울특별시 강남구 영동대로142길 13-3, 2층 (청담동)",한식,안심구이,29.8,청담동,25432987, 
논골집,강남구,Y,N,N,Y,N,씨트립,"서울특별시 강남구 논현로12길 16, 지상1층 (개포동)",한식,"갈비, 안창살 구이",44.9,개포1동,025499930, 
하우마라탕,강남구,N,Y,N,Y,Y,-,"서울특별시 강남구 강남대로94길 23, (역삼동)",중식,마라탕,33.3,역삼1동,025657117, 
메밀의정석,광진구,N,N,N,Y,N,-,"서울특별시 광진구 능동로4길 27, (자양동,(1층))",한식,메밀막국수,27.2,자양제3동,024574671, 
본죽,강남구,Y,N,N,Y,N,-,"서울특별시 강남구 테헤란로87길 36, 도심공항타워 B1층 13호 (삼성동)",한식,죽,13.2,삼성1동,220167477, 
고고기,광진구,Y,Y,N,Y,Y,안심식당,"서울특별시 광진구 아차산로 471, 1층 (구의동)",한식,고기,66.9,구의제3동,024540092, 
경성양육관,강남구,Y,N,N,N,Y,-,"서울특별시 강남구 봉은사로30길 67, 지상1층 (역삼동)",한식,양갈비,40.0,역삼1동,2, 
송화,강남구,N,N,N,Y,N,-,"서울특별시 강남구 테헤란로19길 12, 1층 (역삼동)",한식,김치찜,39.9,역삼1동,-, 
남원추어탕,관악구,N,N,N,Y,N,-,"서울특별시 관악구 조원로8길 3, 지상1층 (신림동)",한식,추어탕,13.7,조원동,028628937, 
남원추어탕,관악구,N,N,N,Y,N,-,"서울특별시 관악구 쑥고개로 135, 1층 (봉천동)",한식,-,33.8,청룡동,028774946, 
이태리파파,관악구,N,Y,N,Y,N,-,"서울특별시 관악구 관악로12길 3-8, (봉천동, 지상1층)",양식,-,22.7,낙성대동,-, 
우리동네고기집,관악구,N,N,N,Y,N,모범음식점,"서울특별시 관악구 인헌6길 24, (봉천동,지상2층)",한식,-,39.9,인헌동,07071635100, 
까사생갈비,강남구,N,Y,N,N,Y,-,"서울특별시 강남구 봉은사로2길 23, 2층 (역삼동)",기타,숙성생갈비,58.3,역삼1동,-, 
광주회관,동대문구,N,N,N,N,N,트립어드바이저,"서울특별시 동대문구 이문로 118, (이문동)",한식,오겹살,17.8,이문제1동,029573876, 
이조식당,강남구,N,N,N,N,N,-,"서울특별시 강남구 봉은사로112길 28, (삼성동)",한식,광어회,28.7,삼성1동,025630623, 
신짱스시,동작구,N,Y,N,N,N,"씨트립,안심식당","서울특별시 동작구 상도로30길 8, 2층 (상도동)",일식,초밥,22.7,상도제2동,232808301, 
털보정육식당,강북구,Y,N,N,N,Y,-,"서울특별시 강북구 한천로 1072, 동보빌딩 1,2층 (수유동)",한식,소고기구이,71.8,수유제3동,-, 
장위동유성집,도봉구,N,N,N,N,N,트립어드바이저,"서울특별시 도봉구 도봉로180나길 56, (도봉동)",한식,한우등심,33.9,도봉제2동,029550550, 
룽청,강남구,Y,N,N,Y,Y,모범음식점,"서울특별시 강남구 논현로152길 23, (신사동,알파빌딩지상1층)",중식,"탕수육, 짬뽕, 짜장",46.0,압구정동,025120773, 
전주콩나루콩나물국밥,노원구,N,N,N,Y,N,모범음식점,"서울특별시 노원구 노해로75길 14-25, (상계동)",한식,콩나물국밥,27.9,상계6.7동,029307111, 
노들가,동작구,N,N,N,N,N,-,"서울특별시 동작구 만양로18길 23, 1층 (노량진동)",한식,삼겹살,29.0,노량진제1동,028238489, 
영동올뱅이집,강남구,N,N,N,Y,N,모범음식점,"서울특별시 강남구 개포로22길 16, (개포동,지상1층)",한식,국밥,42.4,개포4동,5733528, 
대가,강남구,N,N,N,N,N,-,"서울특별시 강남구 봉은사로4길 22, 지상1층 (역삼동)",한식,만두전골,33.3,역삼1동,-, 
파삼솥뚜껑삼겹살,도봉구,N,N,N,N,N,-,"서울특별시 도봉구 우이천로20길 7, (창동,건영아파트 상가 115호)",한식,삼겹살,29.9,창제2동,029933377, 
이문시장,동대문구,N,Y,N,Y,N,-,"서울특별시 동대문구 휘경로2길 16, 1층 (이문동)",분식,삼겹살,22.1,이문제1동,029685455, 
향림,노원구,N,N,N,Y,N,-,"서울특별시 노원구 한글비석로 127, 마린스포츠센타 2층 (하계동)",중식,짬뽕,231.5,하계1동,029768800, 
명동칼국수샤브샤브,강남구,Y,N,N,N,N,트립어드바이저,"서울특별시 강남구 언주로 427, (역삼동,1층역삼디오빌112호)",한식,칼국수,28.1,역삼2동,-, 
신설보쌈앤칼국수,동대문구,N,N,N,N,N,-,"서울특별시 동대문구 하정로3길 10, 1층 (신설동)",한식,"보쌈, 칼국수",30.8,용신동,029253030, 
미가양꼬치,노원구,N,N,N,N,N,모범음식점,"서울특별시 노원구 석계로 31, 2층 (월계동)",한식,양꼬치,24.9,월계1동,029423432, 
스시유,강남구,N,N,N,Y,N,씨트립,"서울특별시 강남구 영동대로 407, (대치동,지상1,2층)",일식,생선회,122.7,대치2동,5537870, 
두꺼비정육식당,관악구,N,N,N,N,N,-,"서울특별시 관악구 난곡로24길 12, 1층 (신림동)",한식,-,14.4,난곡동,028395610, 
신의주찹쌀순대,동작구,N,N,N,N,N,-,"서울특별시 동작구 상도로 219, (상도동)",한식,순대국?소머리국밥,21.0,상도제2동,028221188, 
텐동요츠야,관악구,N,Y,N,Y,N,-,"서울특별시 관악구 관악로14길 71, 2층 201호 (봉천동)",일식,-,27.0,낙성대동,-, 
장원닭한마리,동대문구,N,N,N,N,N,-,"서울특별시 동대문구 전농로 36, 답십리포레스트스퀘어 1층 107호 (답십리동)",한식,닭한마리,36.0,답십리제1동,-, 
고창풍천장어,동대문구,N,N,N,N,N,-,"서울특별시 동대문구 홍릉로 47, 1,2층 (청량리동)",한식,"설렁탕, 갈비탕",121.1,청량리동,029678111, 
종로빈대떡,동작구,N,N,N,N,N,-,"서울특별시 동작구 동작대로9길 10, (사당동)",한식,전?빈대떡,7.0,사당제1동,025841330, 
원골전통순대국전문,동대문구,Y,Y,N,N,N,-,"서울특별시 동대문구 사가정로 232, 1층 (장안동)",한식,순대국,33.9,장안제1동,222451607, 
향원갈비,구로구,N,N,N,N,N,"모범음식점,트립어드바이저","서울특별시 구로구 개봉로20길 18, (개봉동)",한식,깐쇼새우,42.4,개봉제2동,220669292, 
태릉풍천장어,노원구,N,N,N,N,N,-,"서울특별시 노원구 화랑로 457, 1, 2, 3층 (공릉동)",한식,장어,95.9,공릉1동,029750602, 
돈식당,동작구,Y,Y,N,N,Y,모범음식점,"서울특별시 동작구 사당로17길 7, (사당동)",한식,삼겹살,17.2,사당제3동,-, 
마포갈비,구로구,N,N,N,N,N,-,"서울특별시 구로구 고척로19길 44, (개봉동,동남주택 101,102호)",한식,생불고기,28.7,개봉제1동,0226898074, 
황금정원,도봉구,Y,N,N,Y,N,모범음식점,"서울특별시 도봉구 방학로 312, (방학동)",한식,-,58.7,방학제3동,029548881, 
토방마루,동작구,Y,Y,N,N,N,-,"서울특별시 동작구 상도로 168, (상도동)",기타,쌀국수,10.5,상도제2동,-, 
호남해물탕,노원구,Y,N,N,Y,N,-,"서울특별시 노원구 노해로81길 22-17, 1층 (상계동)",한식,해물탕,62.8,상계2동,029344226, 
한티옥,노원구,N,N,N,N,N,-,"서울특별시 노원구 동일로 1414, 9층 (상계동, 롯데백화점 노원점)",한식,냉면,38.7,상계2동,029502938, 
황토닭갈비,노원구,N,N,N,N,N,-,"서울특별시 노원구 공릉로 166, (공릉동, 1층)",한식,닭갈비,30.9,공릉2동,029765292, 
청담김밥,동작구,N,N,N,N,N,모범음식점,"서울특별시 동작구 사당로16길 28, (사당동)",한식,김밥,19.0,사당제4동,-, 
라화방,동작구,N,N,N,N,N,-,"서울특별시 동작구 동작대로27길 22, (사당동)",중식,마라탕,42.5,사당제2동,025914655, 
나정순할매쭈꾸미,동대문구,N,N,N,Y,N,-,"서울특별시 동대문구 약령시로 65, (제기동,지상 1층~2층)",한식,쭈꾸미볶음,108.2,제기동,-, 
아가씨김밥,관악구,N,N,N,Y,N,-,"서울특별시 관악구 양녕로 13, 1층 102호 (봉천동)",분식,김밥,11.3,은천동,-, 
정통삼계탕,동대문구,N,N,N,N,N,-,"서울특별시 동대문구 무학로 72, (용두동,(무학로 131))",한식,삼계탕,25.0,용신동,-, 
정성,관악구,N,N,N,N,N,-,"서울특별시 관악구 관악로 154-5, 2층 (봉천동)",일식,초밥,20.0,낙성대동,028850090, 
우왕불,노원구,N,N,N,N,N,-,"서울특별시 노원구 노원로 447, 1층 (상계동)",한식,모듬구이,92.2,상계2동,0234923388, 
은행나무집,관악구,N,N,N,Y,N,모범음식점,"서울특별시 관악구 관악로 104, 1층 (봉천동)",한식,-,47.3,낙성대동,-, 
고래돈가스,동대문구,N,N,N,N,N,-,"서울특별시 동대문구 안암로 154, 지상1층 (제기동)",한식,돈가스,18.0,제기동,029536592, 
풍미숯불갈비,동대문구,N,N,N,N,N,-,"서울특별시 동대문구 왕산로9길 19, (용두동,(지상1층))",한식,갈비,25.1,신설동,9229288, 
영흥정육식당,동작구,N,Y,N,Y,N,안심식당,"서울특별시 동작구 만양로 85-1, (노량진동)",한식,소한마리(구이류),7.2,노량진제1동,028131662, 
라페리체,관악구,N,Y,N,Y,N,-,"서울특별시 관악구 관악로14길 34, 지하1층 (봉천동)",아시안음식,파스타,35.8,낙성대동,-, 
다사랑설렁탕,관악구,N,N,N,N,N,-,"서울특별시 관악구 봉천로 356, 103호 (봉천동, 도원맨션)",중식,설렁탕,19.3,은천동,-, 
은혜식당,동작구,N,N,N,N,N,-,"서울특별시 동작구 사당로9가길 55, (사당동,(B203호))",한식,김치찌개,10.7,사당제3동,025928007, 
성민육개장,관악구,N,N,N,N,N,-,"서울특별시 관악구 난곡로34길 12, 1층 (신림동)",한식,-,7.4,난곡동,-, 
한스친친,도봉구,Y,N,N,N,N,모범음식점,"서울특별시 도봉구 노해로 341, 신원리베르텔 2층 202,203,204호 (창동)",중식,-,71.4,창제5동,029904143, 
감쪽같이,관악구,N,N,N,N,N,-,"서울특별시 관악구 조원로16길 33, 중앙빌딩 1층 101호 (신림동)",한식,-,15.0,조원동,-, 
서천아구대구뽈찜탕,관악구,N,N,N,Y,N,모범음식점,"서울특별시 관악구 남현1길 40, 유일빌딩 1층 (남현동)",한식,-,27.7,남현동,-, 
킷사서울,관악구,N,Y,N,N,N,안심식당,"서울특별시 관악구 남부순환로226길 31, 2층 (봉천동)",일식,-,41.3,낙성대동,-, 
스시통,노원구,Y,Y,N,N,Y,-,"서울특별시 노원구 노해로 517-3, 1,2층 (상계동)",한식,갈비살,49.2,상계2동,029300080, 
중계고기파티,노원구,Y,Y,N,N,Y,-,"서울특별시 노원구 중계로12길 6, 대성빌딩 1층 (중계동)",한식,이베리코 모듬,45.0,중계본동,029338892, 
옛날그집,동작구,N,Y,N,N,Y,모범음식점,"서울특별시 동작구 장승배기로 121-2, 1층 (노량진동)",기타,삼겹살,15.8,노량진제2동,028270678, 
영양센타,노원구,Y,Y,N,N,N,-,"서울특별시 노원구 동일로217가길 31, 청화빌딩 1층 (상계동)",한식,삼계탕,27.2,상계6.7동,029376038, 
백송춘천닭갈비,노원구,Y,Y,N,N,Y,모범음식점,"서울특별시 노원구 동일로242길 39, 인성빌딩 (상계동)",한식,닭갈비,26.4,상계1동,029399953, 
서울식당,동작구,N,N,N,N,N,-,"서울특별시 동작구 사당로30길 154, (사당동)",한식,닭갈비,27.3,사당제1동,025229293, 
등촌샤브칼국수,노원구,N,Y,N,Y,Y,-,"서울특별시 노원구 동일로242가길 32, 1층 (상계동, 가동 나동)",한식,버섯칼국수,44.5,상계1동,029519279, 
정숙성,관악구,N,Y,N,N,Y,모범음식점,"서울특별시 관악구 남부순환로226길 31, 1층 (봉천동)",한식,-,57.4,낙성대동,-, 
참치마니아,동작구,N,Y,N,N,Y,모범음식점,"서울특별시 동작구 동작대로7길 12, 2층 (사당동)",일식,참치,28.0,사당제1동,025823737, 
샤부넘버원,노원구,N,N,N,N,N,-,"서울특별시 노원구 한글비석로 235, 하나프라자빌딩 2층 201호 (중계동)",한식,샤브샤브,66.5,중계1동,-, 
방추남원추어탕,노원구,N,N,N,N,N,-,"서울특별시 노원구 한글비석로 383, 삼창타워프라자 지하1층 8,9,10호 (중계동)",한식,추어탕,60.7,중계4동,-, 
쌈마루,동대문구,N,N,N,N,N,-,"서울특별시 동대문구 서울시립대로 45, 1층 (전농동)",한식,쌈밥,19.1,전농제1동,-, 
장안정,동대문구,Y,Y,N,N,Y,-,"서울특별시 동대문구 답십리로 291-3, 1층 (장안동)",한식,돈까스,50.1,장안제1동,-,Y
스시조,노원구,N,N,N,N,N,-,"서울특별시 노원구 노원로 244, 보스턴 산부인과 2층 (하계동)",일식,초밥,100.0,하계1동,-, 
친구네정육식당,동작구,Y,N,N,N,Y,모범음식점,"서울특별시 동작구 여의대방로26길 22, 1층 (대방동)",한식,생삼겹살,49.3,대방동,-, 
하얼빈양꼬치,동작구,Y,Y,N,N,N,모범음식점,"서울특별시 동작구 노량진로8길 53, 1층 (노량진동)",중식,양꼬치,10.7,노량진제2동,-, 
명동국수,동작구,N,N,N,Y,N,모범음식점,"서울특별시 동작구 상도로41길 12, (상도1동)",기타,국수,8.5,상도제1동,-, 
장수촌,동작구,Y,Y,N,N,Y,안심식당,"서울특별시 동작구 사당로17가길 16, 영아탕(여관) 1층 (사당동)",기타,장어구이,70.0,사당제3동,-, 
광어삼촌,동작구,Y,N,N,N,N,모범음식점,"서울특별시 동작구 상도로37길 62, 1층 (상도동)",일식,회,27.2,상도제1동,-, 
순천집,동작구,N,N,N,N,N,-,"서울특별시 동작구 노량진로 80, 2층 (노량진동, 노량진큐브스테이트)",한식,샤브샤브,58.3,노량진제2동,028173222, 
신조준형,강남구,Y,Y,N,N,Y,-,"서울특별시 강남구 강남대로84길 33, (역삼동,대우디오빌지하1층101호)",한식,초밥,67.9,역삼1동,220500066, 
을밀대,마포구,Y,N,N,Y,N,-,"서울특별시 마포구 숭문길 24, (염리동)",주점,냉면,7.7,염리동,027171922, 
부산집,마포구,N,N,N,N,N,-,"서울특별시 마포구 월드컵북로 18, (동교동, 1층)",한식,장어구이,7.4,서교동,023365523, 
한성돈까스,서초구,Y,N,N,N,N,블루리본,"서울특별시 서초구 강남대로97길 10, (잠원동)",양식,돈까스,33.9,잠원동,025407054, 
마포낙지한마리수제비,마포구,N,N,N,N,N,-,"서울특별시 마포구 독막로 308, (염리동)",한식,"수제비, 낙지요리",26.4,용강동,027117766, 
최고집바지락생칼국수,서대문구,N,N,N,Y,N,-,"서울특별시 서대문구 응암로 59, (북가좌동)",한식,-,25.0,북가좌제1동,-, 
평양옥,서대문구,N,Y,N,Y,Y,안심식당,"서울특별시 서대문구 통일로 107-23, (미근동)",한식,-,9.8,충현동,-, 
서대문아구찜,서대문구,Y,Y,N,N,Y,안심식당,"서울특별시 서대문구 연희로 271, 지상2층 (홍은동)",한식,-,40.5,홍은제2동,-, 
영암집,강남구,N,N,N,N,N,-,"서울특별시 강남구 강남대로124길 49, (논현동,지상1층)",분식,소고기,20.2,논현1동,5464198, 
고향양꼬치,광진구,N,Y,N,Y,Y,"모범음식점,안심식당","서울특별시 광진구 동일로18길 101, 1층 (자양동)",중식,양꼬치,67.8,자양제4동,024983618, 
소문난갈비,서대문구,N,N,N,N,N,-,"서울특별시 서대문구 수색로2길 10, (남가좌동)",한식,주물럭,27.4,남가좌제1동,-, 
육도,마포구,N,N,N,N,N,-,"서울특별시 마포구 토정로 261, (용강동)",분식,"육류, 청국된장",8.9,용강동,207181763, 
고기랑,서대문구,Y,Y,N,N,N,-,"서울특별시 서대문구 연세로5다길 16, 1층 (창천동)",일식,낙지전골,23.5,신촌동,-, 
임금님밥상,서초구,N,N,N,N,N,-,"서울특별시 서초구 동광로11길 97, A동 1층 (방배동)",한식,백반,26.1,방배본동,025355338, 
목포세발낙지,서대문구,N,N,N,Y,N,-,"서울특별시 서대문구 통일로 451-39, (홍제동)",한식,-,22.0,홍제제1동,-, 
구자춘참치,마포구,N,N,N,Y,N,-,"서울특별시 마포구 토정로32길 17, 7층동 (토정동)",양식,-,28.9,용강동,232731966, 
도깨비어시장,마포구,N,N,N,N,Y,-,"서울특별시 마포구 신촌로 74, (노고산동)",일식,광어,37.2,서교동,023251211, 
바른고기,서대문구,N,N,N,N,N,-,"서울특별시 서대문구 통일로 107-29, (미근동)",분식,-,26.1,충현동,-, 
한우플러스,서초구,Y,Y,N,N,Y,-,"서울특별시 서초구 서초대로46길 109, 2층 (서초동, 지산빌딩)",양식,"한우, 등심구이",39.8,서초제3동,025323108, 
금강바베큐,서초구,Y,Y,N,Y,Y,-,"서울특별시 서초구 사평대로 349, 201,202호 (반포동)",분식,치킨,67.1,반포제1동,025110976, 
장위동 유성집,강서구,Y,N,N,N,Y,-,"서울특별시 강서구 마곡중앙6로 16, 2층 201호 (마곡동, 가양 1동 마곡지엠지타워)",한식,한우등심,45.1,가양제1동,236619807, 
소호정,서초구,Y,N,N,Y,N,"블루리본,안심식당","서울특별시 서초구 논현로 27, (양재동,(1,2층))",분식,"국시, 국밥",65.4,양재제2동,025797282, 
유대경능이누룽지닭오리백숙,마포구,N,N,N,N,N,-,"서울특별시 마포구 서강로 128, (노고산동)",한식,찹쌀순대,34.8,대흥동,027151772, 
거북골숯불갈비,서대문구,N,N,N,N,N,씨트립,"서울특별시 서대문구 증가로 215, (북가좌동)",한식,한식,15.5,북가좌제2동,-, 
연희김밥,서대문구,N,N,N,Y,N,-,"서울특별시 서대문구 연희로11가길 2, (연희동)",분식,-,4.7,연희동,-, 
웰빙뚝배기,마포구,N,N,N,N,N,-,"서울특별시 마포구 동교로12길 21, (서교동, 영진시장 1층)",일식,소머리국밥,10.6,서교동,029874456, 
밀리네해물탕,마포구,Y,N,N,N,N,트립어드바이저,"서울특별시 마포구 대흥로30길 18-5, (염리동, 지1층)",분식,-,16.2,염리동,027128359, 
밀리네해물탕,마포구,Y,N,N,N,N,트립어드바이저,"서울특별시 마포구 대흥로30길 18-5, (염리동, 1층)",분식,-,16.2,염리동,-, 
시골집,서초구,N,N,N,N,N,-,"서울특별시 서초구 반포대로10길 7, 1층 (서초동)",한식,쌈밥,44.7,서초제3동,025970400, 
장강,마포구,Y,N,N,N,N,-,"서울특별시 마포구 토정로 284-2, (용강동)",한식,-,20.2,용강동,27060656, 
가문의우동,서대문구,N,Y,N,N,N,"씨트립,트립어드바이저","서울특별시 서대문구 연세로12길 8, 1, 2층 (창천동)",한식,우동,30.9,신촌동,-, 
방배순대국,서초구,N,N,N,Y,N,-,"서울특별시 서초구 효령로31길 46, 1층 (방배동)",한식,순대국,11.8,방배제1동,025989597, 
대장금부페,마포구,N,N,N,N,N,-,"서울특별시 마포구 백범로1길 74, 1층 (노고산동)",한식,한식뷔페,13.8,서교동,-, 
신의주찹쌀순대&숯불갈비,서초구,N,N,N,N,N,-,"서울특별시 서초구 방배천로6길 3-12, (방배동,(1층))",한식,"순대국, 숯불갈비",18.7,방배제2동,025250041, 
골목식당,서대문구,N,N,N,N,N,-,"서울특별시 서대문구 통일로40안길 34, 1층 (홍제동)",한식,-,9.1,홍제제3동,-, 
파파호,강남구,Y,N,N,N,N,"블루리본,트립어드바이저","서울특별시 강남구 영동대로137길 3, (청담동)",한식,-,29.2,청담동,-, 
우면산,서초구,N,N,N,N,N,-,"서울특별시 서초구 효령로2길 5, 1층 (방배동)",한식,불고기백반,12.8,방배제3동,025235350, 
서래횟집,서초구,Y,Y,N,N,Y,트립어드바이저,"서울특별시 서초구 서래로5길 17, 1층 (반포동)",한식,"회, 탕, 생선구이",19.1,반포제4동,025321573, 
본가 신의주 찹쌀순대,강남구,N,N,N,N,N,모범음식점,"서울특별시 강남구 영동대로112길 6, (삼성동,지상1층)",한식,-,59.0,삼성1동,025164840, 
청정해참치,서초구,Y,N,N,N,Y,-,"서울특별시 서초구 강남대로 221, (양재동,환승주차장 201호)",일식,참치,12.0,양재제1동,025774419, 
소풍,강남구,N,N,N,Y,N,-,"서울특별시 강남구 테헤란로87길 22, 지하1층 Q101호 (삼성동, 한국도심공항터미널)",분식,김밥,19.9,삼성1동,-, 
소풍,강남구,N,N,N,Y,N,-,"서울특별시 강남구 강남대로 314, 지상1층 (역삼동)",한식,감자탕,34.9,역삼1동,-, 
만복국수집,마포구,N,N,N,N,N,-,"서울특별시 마포구 월드컵북로 381, (상암동, 214호)",한식,-,11.7,상암동,-, 
육갑식당,서초구,Y,Y,N,N,N,-,"서울특별시 서초구 서래로 33, 2층 (반포동)",한식,구이류,34.8,반포제1동,-, 
별난횟집,서초구,Y,N,N,Y,Y,-,"서울특별시 서초구 강남대로 224, 지하1층 B-B-01호~B-B-09호 (양재동, 양재한신휴플러스)",한식,"회, 덮밥, 탕",43.5,양재제1동,-, 
북성해장국,서대문구,N,N,N,Y,N,-,"서울특별시 서대문구 신촌로35길 7, (북아현동,(지상1층))",한식,곰탕,20.0,북아현동,-, 
공룡부대찌개,서대문구,N,N,N,Y,N,-,"서울특별시 서대문구 연희로 81-15, (연희동)",한식,부대찌개,38.7,연희동,-, 
여의도생고기,서초구,N,N,N,N,N,-,"서울특별시 서초구 신흥말길 27-9, 1층 (내곡동)",분식,"소, 돼지구이",54.2,내곡동,024596707, 
태천면옥,광진구,N,Y,N,Y,N,안심식당,"서울특별시 광진구 광장로 49, 1층 (광장동)",한식,냉면,21.2,광장동,-, 
미로정,강남구,N,Y,N,N,Y,모범음식점,"서울특별시 강남구 테헤란로33길 19, (역삼동,지상2층)",한식,부대찌개,39.1,역삼1동,-, 
콩고을,마포구,N,N,N,N,N,-,"서울특별시 마포구 월드컵북로44길 45, (상암동,2층)",한식,콩나물국밥,38.4,상암동,3023887, 
만배아리랑,강서구,N,N,N,N,N,-,"서울특별시 강서구 화곡로18길 24, 1층 111,113호 (화곡동, 강서뉴타워)",한식,보쌈,22.9,화곡제1동,226073126, 
신가네 수레순대 뒷고기,마포구,N,N,N,N,N,-,"서울특별시 마포구 마포대로8길 25, (공덕동,지상1층)",한식,한식(동태탕),28.2,공덕동,-, 
독박골맛있는집,서대문구,N,N,N,Y,N,-,"서울특별시 서대문구 서소문로 61-7, (합동)",한식,-,10.0,충현동,-, 
옛날김치찌개전문점,마포구,N,N,N,N,N,-,"서울특별시 마포구 마포대로8길 31, (공덕동,1층)",한식,-,16.6,공덕동,-, 
자인뭉티기,서초구,N,N,N,Y,N,-,"서울특별시 서초구 강남대로37길 24-7, 1층 (서초동)",한식,-,44.9,서초제2동,025972158, 
차이나,서대문구,N,N,N,N,N,-,"서울특별시 서대문구 가좌로 142, (홍은동)",중식,-,58.2,홍은제2동,-, 
오레노카츠,강남구,N,N,N,N,N,-,"서울특별시 강남구 삼성로81길 37, 1층 (대치동)",한식,수제생돈가스,35.4,대치4동,025655123, 
밥순이,마포구,N,N,N,N,N,트립어드바이저,"서울특별시 마포구 서강로9길 55, (창전동,서문빌딩101 1층)",한식,돈까스,20.0,서강동,-, 
장수원,서초구,N,N,N,N,N,안심식당,"서울특별시 서초구 방배중앙로 153, 지하1층,1층,2층 (방배동)",한식,불고기,231.3,방배본동,025322225, 
가쯔레쯔,마포구,Y,Y,N,N,Y,-,"서울특별시 마포구 월드컵북로50길 7-14, (상암동, 1층)",한식,돈까스,11.8,상암동,-, 
본가서대문족발,서대문구,Y,N,N,N,Y,-,"서울특별시 서대문구 충정로 59, 101호 (충정로2가, 서대문디오빌)",한식,-,44.2,충현동,-, 
미락,마포구,N,N,N,N,N,-,"서울특별시 마포구 백범로 205, 103동 B234호 (신공덕동, 펜트라우스)",한식,홍어삼합,20.5,공덕동,-, 
연화,서대문구,N,N,N,N,N,-,"서울특별시 서대문구 통일로9안길 32, (충정로2가)",한식,-,39.8,충현동,-, 
기무,강남구,N,N,N,Y,N,모범음식점,"서울특별시 강남구 논현로 333, (역삼동,B01호)",한식,회,9.1,역삼1동,025542014, 
서교동고기집,마포구,N,N,N,N,N,-,"서울특별시 마포구 어울마당로 155-1, 완빌딩 3층 (동교동)",한식,-,29.3,서교동,-, 
상암일미락,마포구,N,N,N,N,Y,트립어드바이저,"서울특별시 마포구 성암로13길 40, (상암동,1층)",한식,숙성 돼지고기,41.3,상암동,3747709, 
한상가득왕솥뚜껑,마포구,N,Y,N,Y,N,-,"서울특별시 마포구 월드컵북로42나길 20, 지하1층 B01호 (상암동, 위너스하임)",한식,"삼겹살, 목살구이",67.1,상암동,-, 
방일해장국,강남구,Y,N,N,N,N,-,"서울특별시 강남구 봉은사로37길 31, (논현동,지상1층)",한식,해장국,46.9,논현2동,-, 
조개일번지,서대문구,N,N,N,N,N,-,"서울특별시 서대문구 통일로9안길 16, (냉천동)",한식,조개찜,16.0,천연동,-, 
구이가,강남구,N,N,N,Y,N,-,"서울특별시 강남구 광평로56길 14, (수서동,지상1층)",양식,한식,42.4,수서동,-, 
화성갈비,마포구,N,N,N,N,N,-,"서울특별시 마포구 독막로 147-6, 1층 105호 (창전동)",한식,갈비,6.7,서강동,-, 
오도리,마포구,Y,Y,N,N,N,-,"서울특별시 마포구 마포대로16길 4-1, (공덕동, 서울빌딩 지하1층)",일식,생선회,26.7,공덕동,027179934, 
명성회관,마포구,Y,N,N,N,N,-,"서울특별시 마포구 대흥로30길 17, (염리동,1층)",한식,설렁탕,30.8,용강동,023647681, 
하영호신촌설렁탕,강남구,Y,Y,N,Y,Y,모범음식점,"서울특별시 강남구 논현로28길 36, (도곡동,1층)",한식,설렁탕,56.0,도곡2동,025725636, 
일품양평해장국,강서구,N,N,N,N,N,-,"서울특별시 강서구 강서로45나길 47, 선재빌딩 1층 (내발산동)",한식,한우생등심,84.9,발산제1동,226614360, 
황소서서갈비,서대문구,N,N,N,N,N,-,"서울특별시 서대문구 모래내로 279, 1층 (홍은동)",한식,소갈비,25.4,홍은제2동,-, 
하루,강남구,Y,Y,N,Y,Y,-,"서울특별시 강남구 언주로172길 56, (신사동,1층)",분식,"돈가스,메밀",9.2,압구정동,025145557, 
남원추어탕,성동구,Y,N,N,N,N,모범음식점,"서울특별시 성동구 용답중앙11길 13, (용답동)",한식,추어탕,41.0,용답동,222134024, 
한티옥,강남구,N,N,N,N,N,-,"서울특별시 강남구 도곡로 418, (대치동,강원빌딩 지상1층)",한식,한식,122.6,대치1동,025525289, 
신신원,성동구,N,N,N,N,N,모범음식점,"서울특별시 성동구 광나루로 290, (성수동2가)",중식,굴짬뽕,27.2,성수2가제1동,024998940, 
무안갯벌낙지,서대문구,Y,N,N,N,Y,-,"서울특별시 서대문구 응암로1길 3, (북가좌동)",한식,-,43.9,북가좌제1동,-, 
삼정식당,서대문구,N,N,N,N,N,-,"서울특별시 서대문구 거북골로 25-8, (남가좌동)",한식,-,15.1,남가좌제2동,-, 
특우정,성동구,Y,N,N,N,N,트립어드바이저,"서울특별시 성동구 무학로12길 13, (홍익동)",한식,생등심,28.6,왕십리도선동,222937575, 
선화의 고기,서초구,Y,Y,N,N,Y,안심식당,"서울특별시 서초구 서초대로24길 9, 1층 (방배동)",한식,소고기,33.7,방배제1동,234732253, 
청해루,성동구,N,N,N,N,N,-,"서울특별시 성동구 자동차시장1길 24-1, 2층 (용답동)",중식,"짜장면, 우동",21.8,용답동,222121955, 
대촌정,성동구,Y,N,N,N,N,모범음식점,"서울특별시 성동구 마장로23길 4, (홍익동)",한식,닭백숙,10.7,왕십리도선동,222950421, 
김미정남원추어탕삼계탕,마포구,N,N,N,N,N,-,"서울특별시 마포구 독막로 288, (대흥동)",한식,추어탕,66.3,대흥동,27119200, 
만발,서초구,Y,N,N,N,N,"블루리본,트립어드바이저","서울특별시 서초구 서초대로29길 32, 1층 (방배동)",한식,소고기,43.0,방배제4동,025357456, 
낙천정,서초구,Y,Y,N,Y,Y,트립어드바이저,"서울특별시 서초구 효령로 220, 2층,3층 (서초동)",한식,한정식,79.9,서초제3동,0234738232, 
원당감자탕,서초구,N,N,N,N,N,-,"서울특별시 서초구 방배천로4길 9, 2층 3층 (방배동)",한식,감자탕,71.2,방배제2동,025225255, 
양자강,성동구,N,N,N,N,N,-,"서울특별시 성동구 왕십리로28길 5, (도선동)",중식,차돌짬뽕,25.4,왕십리도선동,222995500, 
마포양지설렁탕,마포구,Y,Y,N,N,Y,"미쉐린 가이드,블루리본","서울특별시 마포구 새창로 6, 1,2층 (도화동)",한식,설렁탕,96.7,도화동,-, 
짬뽕주의,서대문구,N,Y,N,N,Y,-,"서울특별시 서대문구 충정로11길 12, 2층 (충정로2가)",중식,짬뽕,35.3,충현동,-, 
일품생고기,성동구,Y,Y,N,N,Y,-,"서울특별시 성동구 독서당로40길 29, (옥수동)",한식,삼겹살,9.0,옥수동,222956566, 
맛나곱창,성동구,N,N,N,N,Y,트립어드바이저,"서울특별시 성동구 고산자로 281-1, 1층 (홍익동)",한식,"소곱창,야채곱창",44.8,왕십리도선동,222823349, 
일미돼지국밥,성동구,N,N,N,Y,N,-,"서울특별시 성동구 성수일로12길 30, 1층 (성수동2가)",한식,돼지국밥,24.4,성수2가제3동,024669062, 
착한짜장,성동구,N,Y,N,N,N,-,"서울특별시 성동구 아차산로7길 17-1, (성수동2가)",중식,짜장면,8.7,성수2가제3동,024666678, 
황금콩밭,마포구,N,N,N,Y,Y,미쉐린 가이드,"서울특별시 마포구 마포대로16길 9, 1,2층 (아현동)",한식,"두부,콩",117.9,아현동,3132952, 
소설옥,성동구,N,Y,N,N,N,모범음식점,"서울특별시 성동구 독서당로 296-11, (금호동4가)",한식,돼지고기,11.8,금호4가동,0222966506, 
고래불,강남구,Y,N,N,Y,Y,블루리본,"서울특별시 강남구 논현로79길 62, 지상1,2층 (역삼동)",한식,영덕게살비빔밥,111.2,역삼1동,025663677, 
스시마쯔,서대문구,N,N,N,N,N,-,"서울특별시 서대문구 연희로 166, 1층 (연희동)",일식,-,27.0,연희동,-, 
모래내설농탕,서대문구,N,N,N,N,N,안심식당,"서울특별시 서대문구 모래내로 271, 1층 (홍은동)",한식,-,83.5,홍은제2동,-, 
메밀촌 봉평막국수,성동구,N,N,N,N,N,-,"서울특별시 성동구 독서당로48길 8-1, (금호동4가)",분식,막국수,10.0,금호4가동,222827270, 
아오미,성동구,N,N,N,N,N,모범음식점,"서울특별시 성동구 왕십리로4길 20, (성수동1가)",일식,사시미,22.3,성수1가제2동,024648775, 
포방터쭈꾸미,서대문구,N,Y,N,N,N,-,"서울특별시 서대문구 홍은중앙로 100-35, 1층 (홍은동)",한식,-,9.0,홍은제1동,-, 
응봉참숯생소금구이,성동구,N,N,N,N,N,-,"서울특별시 성동구 독서당로62길 4, (응봉동,(지상2층))",한식,소금구이,25.7,응봉동,222823952, 
세양원,서대문구,N,N,N,Y,N,"안심식당,트립어드바이저","서울특별시 서대문구 충정로 8, 지하1층 (충정로3가)",중식,-,63.6,충현동,-, 
싸리골,성동구,N,N,N,N,N,모범음식점,"서울특별시 성동구 광나루로 287, 지상1층 (송정동)",한식,제육쌈밥,37.2,송정동,024635551, 
우림황소양곱창,강남구,N,N,N,N,N,모범음식점,"서울특별시 강남구 강남대로156길 28, 지하1층 (신사동)",한식,"곱창, 양대창",24.0,신사동,-, 
정은회관,성동구,N,N,N,N,N,-,"서울특별시 성동구 금호로 45, (금호동4가,정은타워 1층)",한식,꽃등심,68.3,금호4가동,222991992, 
맛보래,성동구,Y,N,N,N,Y,-,"서울특별시 성동구 성수일로8길 53, (성수동2가,103호)",한식,김치두루치기,11.9,성수2가제3동,024662756, 
어랑회집,성동구,N,N,N,Y,N,-,"서울특별시 성동구 성수이로3길 19, (성수동2가, 492-2 지상1층)",일식,생선회,13.5,성수2가제1동,-, 
남길,서대문구,Y,Y,N,N,Y,-,"서울특별시 서대문구 통일로 107-39, 1층 102호 (충정로2가)",한식,-,41.0,충현동,-, 
바다풍경,강남구,N,N,N,Y,N,-,"서울특별시 강남구 테헤란로113길 13, 칠성빌딩 지상1층 (삼성동)",일식,회,104.8,삼성1동,-, 
사랑채,서초구,N,N,N,Y,N,-,"서울특별시 서초구 언남길 15-6, (양재동,1층)",한식,곤드레밥,73.7,양재제1동,025720352, 
전주골참숯불화로구이,마포구,N,N,N,N,N,-,"서울특별시 마포구 마포대로12길 34-5, 1,2층 (공덕동)",한식,-,49.7,공덕동,-, 
흥부전,서대문구,N,N,N,N,N,-,"서울특별시 서대문구 통일로 474, 1층 (홍제동)",주점,-,25.1,홍제제3동,-, 
한방닭한마리,성동구,N,N,N,N,N,-,"서울특별시 성동구 왕십리로24길 12, 1층 (도선동)",한식,닭칼국수,6.2,왕십리도선동,-, 
부성식당,성동구,N,N,N,N,N,-,"서울특별시 성동구 왕십리로28길 4, 1층 (도선동)",한식,"아구찜, 낙지볶음",22.1,왕십리도선동,222814508, 
금옥당,서대문구,N,Y,N,N,Y,-,"서울특별시 서대문구 연희로11라길 2, 1층 (연희동)",한식,전통차,28.1,연희동,-, 
그린푸드,성동구,N,N,N,N,N,-,"서울특별시 성동구 성수일로8길 5, 서울숲 SK V1 TOWER A동 1층 101호 (성수동2가)",한식,한식뷔페,27.4,성수2가제1동,-, 
안식당,성북구,N,Y,N,N,Y,-,"서울특별시 성북구 보문로32길 31, (동선동2가)",한식,곤드레밥,25.9,동선동,029281080, 
앙심품은도야지,성동구,N,N,N,N,N,-,"서울특별시 성동구 성덕정길 91, 1층 (성수동2가)",한식,-,34.8,성수2가제1동,024668486, 
아기다람쥐,서초구,Y,N,N,N,Y,-,"서울특별시 서초구 서초대로 3-4, 1층 109-1호 (방배동, 방배디오슈페리움Ⅰ)",한식,생선구이,34.2,방배제4동,025438989, 
청송일식,강남구,Y,Y,N,Y,N,-,"서울특별시 강남구 개포로 621, 지하114호 (개포동, SH공사)",일식,회덮밥,26.9,개포3동,024155430, 
부일갈비,서초구,Y,N,N,N,Y,안심식당,"서울특별시 서초구 서초중앙로2길 42, 101호 (서초동)",한식,갈비,79.7,서초제1동,025853112, 
부부요리단,성동구,Y,Y,N,N,Y,모범음식점,"서울특별시 성동구 독서당로40길 25-1, 1층 (옥수동)",한식,제주흑돼지 수육,17.5,옥수동,-, 
연희곰탕,서대문구,Y,Y,N,Y,Y,-,"서울특별시 서대문구 증가로 17, 1층 (연희동)",한식,-,18.2,연희동,-, 
운주당,마포구,Y,N,N,N,Y,-,"서울특별시 마포구 큰우물로 41, 1층 (대흥동)",한식,만둣국,15.7,대흥동,-, 
용가네,성동구,N,N,N,N,N,모범음식점,"서울특별시 성동구 금호산2길 13, (금호동3가)",한식,삼합,14.8,금호2.3가동,262455353, 
영동회관,서초구,Y,Y,N,Y,N,-,"서울특별시 서초구 강남대로30길 28, 103호 (양재동)",한식,삼겹살,38.4,양재제1동,0260840250, 
정담남원추어탕,서초구,Y,Y,N,N,Y,-,"서울특별시 서초구 방배로15길 14, 1층 (방배동)",한식,추어탕,27.1,방배제1동,025837588, 
성원식당,성북구,N,N,N,N,N,-,"서울특별시 성북구 아리랑로19길 15, (정릉동)",기타,백반,8.0,정릉제2동,-, 
수향,성동구,Y,N,N,Y,N,-,"서울특별시 성동구 성수이로10길 14, 1층 105호 (성수동2가, 에이스하이엔드 성수타워)",중식,중국요리,28.8,성수2가제3동,264663888, 
짚불집,서대문구,Y,Y,N,N,Y,-,"서울특별시 서대문구 연희로8길 5-3, 지상1~2층 (연희동)",한식,-,66.5,연희동,-, 
산장두부촌,성북구,Y,N,N,N,Y,모범음식점,"서울특별시 성북구 보국문로 205, (정릉동,외2필지)",한식,보쌈,63.7,정릉제1동,029191599, 
초식곳간,서대문구,N,Y,N,N,N,-,"서울특별시 서대문구 이화여대2가길 19, 1층 (대현동)",기타,-,29.6,북아현동,-, 
홍반장신의주찹쌀순대&감자탕,마포구,N,N,N,N,N,트립어드바이저,"서울특별시 마포구 월드컵로 190, (성산동,이안상암2차 1층 109호,110호)",한식,-,36.6,성산제1동,3087703, 
애란궁,강남구,Y,N,N,N,N,"모범음식점,트립어드바이저","서울특별시 강남구 광평로 220-12, 지1층,지상1층 (수서동)",한식,-,66.1,수서동,-, 
더하누,서초구,Y,Y,N,N,Y,안심식당,"서울특별시 서초구 서초대로74길 49, 101,102,109,111,112,113,114호 (서초동, 아루누보씨티2)",한식,양념갈비,97.4,서초제2동,025849392, 
스시타노,서초구,N,Y,N,N,Y,안심식당,"서울특별시 서초구 동광로 93, 테라스빌딩 3층 (방배동)",한식,스시,69.9,방배본동,025931600, 
마초셰프,서초구,N,Y,N,N,N,안심식당,"서울특별시 서초구 서초대로25길 8, 1층 (방배동)",양식,파스타,16.2,방배제4동,264654242, 
끄트머리집,성동구,N,Y,N,N,N,트립어드바이저,"서울특별시 성동구 마조로3길 8, 1층 (행당동)",한식,돼지김치구이,26.5,행당제1동,222928574, 
미나토,서초구,N,N,N,N,N,-,"서울특별시 서초구 방배로23길 19, 1층 (방배동)",한식,사시미,29.5,방배제1동,-, 
이여곰탕,서초구,N,N,N,N,N,-,"서울특별시 서초구 서초대로46길 19-15, 1층 (서초동)",한식,곰탕,28.0,서초제3동,025989337, 
수라빔,서초구,N,N,N,N,Y,안심식당,"서울특별시 서초구 신반포로 176, 1층중층 M8호 (반포동, 센트럴시티)",한식,비빔밥,35.9,반포제4동,-, 
푸드카페,성동구,N,N,N,N,N,모범음식점,"서울특별시 성동구 왕십리로5길 10, 1층 (성수동1가)",분식,김밥,27.0,성수1가제1동,-, 
빛고을으뜸추어탕,서초구,N,Y,N,Y,Y,-,"서울특별시 서초구 서초중앙로26길 13, 1층 (서초동)",한식,추어탕,76.0,서초제4동,025370156, 
제나키친,성북구,N,N,N,N,N,"모범음식점,안심식당","서울특별시 성북구 화랑로11길 23, 2층 (하월곡동)",분식,덮밥류 등,30.1,월곡제2동,-, 
목포식당,성동구,N,N,N,N,N,-,"서울특별시 성동구 용답19길 14, 1층 (용답동)",한식,고등어구이,8.2,용답동,222142353, 
하동우렁추어탕,마포구,N,Y,N,N,Y,-,"서울특별시 마포구 월드컵로 39, (합정동, 1층)",한식,추어탕,49.6,합정동,-, 
박여사네 짱뚱어랑 보리굴비,성동구,N,Y,N,N,Y,-,"서울특별시 성동구 금호산길 49, 1층 (금호동2가)",한식,짱뚱어탕,18.2,금호2.3가동,-, 
목금,성동구,N,Y,N,N,N,모범음식점,"서울특별시 성동구 왕십리로2길 34, 1층 (성수동1가)",양식,함박스테이크,11.0,성수1가제1동,-, 
꼬 닭,마포구,N,N,N,N,N,-,"서울특별시 마포구 성암로13길 30-1, 1층 (상암동)",한식,닭복음탕,28.3,상암동,-, 
삼소락,서초구,N,N,N,N,Y,-,"서울특별시 서초구 방배천로 17, 1층 (방배동, 주건축물제1동)",한식,삼겹살,49.9,방배제2동,-, 
한우등심한판,서초구,N,N,N,N,N,-,"서울특별시 서초구 서초대로77길 45, 306호,307호 (서초동)",한식,등심,30.1,서초제4동,025992168, 
명인등심,서초구,N,N,N,N,N,-,"서울특별시 서초구 서초대로 87, 1층 (방배동)",한식,등심,29.2,방배제4동,025921951, 
우주,서초구,Y,Y,N,Y,Y,안심식당,"서울특별시 서초구 동광로 106, 2층 (방배동)",한식,한우,70.5,방배제2동,-, 
디토,서초구,N,N,N,N,N,-,"서울특별시 서초구 명달로 94, (주)삼성출판사 사옥 1층 (서초동)",양식,경양식,109.2,서초제3동,234717022, 
부산밀면,성동구,Y,N,N,N,N,-,"서울특별시 성동구 연무장5가길 7, 성수역 현대테라스타워 1층 103호 (성수동2가)",한식,"물,비빔밀면",14.0,성수2가제1동,-, 
73명품도야지,마포구,Y,Y,N,N,Y,-,"서울특별시 마포구 와우산로3길 16, (상수동, 석진스토리 105호)",한식,돼지구이,21.2,서강동,-, 
매일스시 횟집,마포구,N,N,N,Y,N,안심식당,"서울특별시 마포구 숭문길 34, 1층 (염리동)",일식,회,27.4,염리동,0232738289, 
덕순루,용산구,N,N,N,Y,N,모범음식점,"서울특별시 용산구 한강대로80길 11, (남영동)",중식,깐풍기,24.5,남영동,027936656, 
장가방,마포구,Y,Y,N,N,Y,-,"서울특별시 마포구 토정로 296, 2층 (용강동)",중식,-,63.2,용강동,-, 
풍성집,용산구,Y,Y,N,N,Y,-,"서울특별시 용산구 한강대로62길 38, (한강로1가,(지상1층))",한식,차돌박이,10.0,한강로동,027952654, 
조박사복해장국,마포구,Y,N,N,N,N,-,"서울특별시 마포구 동교로 114, 1층 102호 (서교동)",한식,복해장국,28.5,서교동,-, 
인덕원비빔국수,서초구,Y,N,N,N,Y,-,"서울특별시 서초구 남부순환로 2656, 1,2층 (양재동)",한식,비빔국수,86.4,양재제1동,-, 
인생설렁탕,성북구,N,N,N,N,N,모범음식점,"서울특별시 성북구 고려대로24길 24, 지하1층 (안암동5가)",한식,설렁탕,31.9,안암동,-, 
백년육일집,마포구,N,N,N,N,N,-,"서울특별시 마포구 양화로 99, 1층 101호 (서교동)",한식,곰탕,47.2,서교동,-, 
선명구이가,용산구,Y,Y,N,N,Y,트립어드바이저,"서울특별시 용산구 두텁바위로 81-2, 1층 (후암동)",한식,흑돼지구이,29.4,후암동,-, 
백식당,용산구,N,N,N,N,N,-,"서울특별시 용산구 원효로58길 31, (신계동,(지상1층))",한식,"육회,향정살,삼겹살",12.9,원효로제1동,027015656, 
창익집,용산구,Y,N,N,N,N,-,"서울특별시 용산구 후암로23길 6, (후암동,(지상1층))",한식,한우꽃등심,26.0,후암동,027540442, 
만족돈까스,용산구,N,Y,N,N,N,-,"서울특별시 용산구 청파로 255, 1층 (청파동3가)",양식,돈까스,22.4,청파동,-, 
송학횟집,서초구,N,N,N,N,Y,-,"서울특별시 서초구 법원로3길 12, 승소빌딩 지하1층 (서초동)",일식,회정식,131.1,서초제3동,025958822, 
부자반점,용산구,N,N,N,Y,N,-,"서울특별시 용산구 한강대로 275-1, (갈월동, 89-14 지상1층)",중식,간짜장,26.3,남영동,027187889, 
함초손두부,마포구,N,N,N,N,N,-,"서울특별시 마포구 월드컵로 154-1, 1층 (성산동)",일식,두부전골,23.8,성산제1동,-, 
진미식당,용산구,N,N,N,N,N,-,"서울특별시 용산구 백범로90길 46, (문배동,(지상1층))",한식,"문경콩청국장, 냉콩국수",8.0,원효로제1동,027036842, 
등촌샤브칼국수,서초구,N,N,N,N,N,-,"서울특별시 서초구 반포대로28길 28, 초석빌딩 1층 101호 (서초동)",한식,샤브칼국수,59.9,서초제3동,025084519, 
산골막국수,양천구,N,N,N,N,N,-,"서울특별시 양천구 월정로 8, 101동 지하 1층 101호 (신월동, 목동M타운)",한식,막국수,46.5,신월2동,226047006, 
진주성,강남구,Y,Y,N,N,N,"모범음식점,트립어드바이저","서울특별시 강남구 역삼로20길 14, 지상1층 (역삼동)",한식,비빔밥,25.6,역삼1동,-, 
공릉닭한마리,용산구,N,N,N,N,N,-,"서울특별시 용산구 새창로 213-12, (한강로2가,한강현대하이엘 107호)",주점,닭한마리,20.3,한강로동,027947015, 
신복면관,강남구,N,N,N,N,N,-,"서울특별시 강남구 테헤란로4길 6, 지하1층 B126,127호 (역삼동, 센트럴애비뉴)",한식,-,33.3,역삼1동,25631520, 
이춘복참치,용산구,Y,Y,N,N,Y,씨트립,"서울특별시 용산구 한강대로 266-2, (남영동)",일식,참치,38.1,남영동,027944558, 
독도참치,용산구,N,N,N,Y,N,모범음식점,"서울특별시 용산구 대사관로 78, (한남동,(지상1층))",한식,참치회,24.2,한남동,027907895, 
장인닭갈비,강남구,N,Y,N,N,Y,-,"서울특별시 강남구 테헤란로1길 19, 지하1층 (역삼동, 로하스애비뉴빌딩)",주점,닭갈비,46.8,역삼1동,-, 
큰집닭한마리,용산구,N,N,N,Y,N,-,"서울특별시 용산구 원효로 259-1, 1층 (원효로1가)",기타,닭한마리,43.1,원효로제1동,027115556, 
대운식당,강남구,N,N,N,N,N,-,"서울특별시 강남구 역삼로5길 6, 지상1층 101호 (역삼동)",한식,생태탕,26.4,역삼2동,-, 
개미집,마포구,N,N,N,N,N,-,"서울특별시 마포구 월드컵북로 396, 누리꿈스퀘어 2층 204호 (상암동)",기타,-,47.2,상암동,-, 
강남진해장,강남구,Y,Y,N,Y,Y,트립어드바이저,"서울특별시 강남구 테헤란로5길 11, 1층 (역삼동)",한식,해장국,79.9,역삼1동,-, 
장위동유성집,용산구,Y,Y,N,Y,N,씨트립,"서울특별시 용산구 한강대로 385, 지상1층 (동자동)",한식,등심(소고기),39.9,남영동,027969292, 
보리,마포구,N,N,N,N,N,-,"서울특별시 마포구 방울내로7길 5, 102호 (망원동)",기타,보리굴비,28.0,망원제1동,-, 
여우골초밥,마포구,N,Y,N,N,N,-,"서울특별시 마포구 월드컵북로1길 20, (서교동,1F)",한식,초밥,25.8,서교동,023386692, 
대찬횟집,강남구,N,N,N,N,N,모범음식점,"서울특별시 강남구 선릉로86길 16-3, 지하1층 (대치동)",일식,"광어, 우럭",44.9,대치1동,-, 
청담25,강남구,Y,Y,N,N,Y,-,"서울특별시 강남구 압구정로79길 32, 2층 201,202,203,204호 (청담동)",한식,한우꽃등심,111.1,청담동,-, 
미사리밀빛초계국수,강남구,Y,Y,N,N,Y,-,"서울특별시 강남구 영동대로 513, 지하1층 J-114호 (삼성동, 코엑스 기존컨벤션센터)",한식,초계국수,57.5,삼성1동,-, 
초심한우 정육식당,강남구,Y,N,N,N,Y,-,"서울특별시 강남구 언주로148길 27, 1,2층 (논현동)",주점,소고기,60.2,논현1동,-, 
백년육일집,강남구,N,N,N,Y,N,모범음식점,"서울특별시 강남구 언주로 430, 윤익빌딩 1층 101호 (역삼동)",한식,곰탕,54.0,역삼1동,-, 
송가네감자탕,마포구,Y,N,N,N,Y,안심식당,"서울특별시 마포구 동교로 245, 지1, 1층,2층 (연남동)",한식,감자탕,96.3,연남동,-, 
서울추어탕,용산구,N,N,N,N,N,-,"서울특별시 용산구 한강대로104가길 11-2, 1층 (동자동)",한식,추어탕,21.1,남영동,027777772, 
천미미,강남구,N,N,N,N,Y,-,"서울특별시 강남구 강남대로152길 11, 지상1층 (신사동)",중식,자장면,71.3,신사동,-, 
일일향,용산구,Y,Y,N,N,Y,모범음식점,"서울특별시 용산구 한강대로40길 26, 복십자의원 2층 (한강로2가)",중식,어향동고,94.7,한강로동,027904300, 
텐파 마라탕 마라샹꿔,강남구,N,N,N,N,N,모범음식점,"서울특별시 강남구 압구정로79길 49, 지상1층 (청담동)",한식,마라탕,17.1,청담동,025151100, 
대동관,마포구,Y,Y,N,N,N,-,"서울특별시 마포구 모래내로7길 62, 1층 103호 (성산동)",한식,만두,28.0,성산제1동,-, 
밀밭정원,마포구,N,N,N,N,N,-,"서울특별시 마포구 마포대로16길 13, 1,2층 (아현동)",기타,한정식,56.4,공덕동,023641041, 
노독일처,마포구,N,Y,N,N,Y,-,"서울특별시 마포구 토정로37길 17, 1,2층 (용강동)",중식,북경오리,63.4,용강동,-, 
린카,강남구,Y,Y,N,N,Y,모범음식점,"서울특별시 강남구 도곡로1길 14, 삼일프라자오피스텔 지상1층 111호,112호,115호,116호 (역삼동)",일식,카레,14.4,역삼1동,-, 
한강동,용산구,N,Y,N,N,N,모범음식점,"서울특별시 용산구 한강대로 56-1, 1층 (한강로3가)",일식,"카이센동,숙성회",14.2,한강로동,221357876, 
홍정기참치,마포구,Y,Y,N,N,Y,-,"서울특별시 마포구 동교로27길 47, 제이드빌(Jade) 2층 (연남동)",기타,"생선회, 참치초밥",23.3,연남동,-, 
시카노이에,마포구,N,N,N,N,N,-,"서울특별시 마포구 성암로13길 16, 1층 (상암동)",한식,덮밥,11.8,상암동,-, 
토담골49번지,강남구,N,N,N,Y,N,"모범음식점,블루리본,씨트립","서울특별시 강남구 삼성로 766, 유림빌딩 지하1층 2호 (청담동)",한식,정식,66.2,청담동,-, 
문,강남구,N,N,N,N,N,-,"서울특별시 강남구 언주로150길 21, (논현동,지상1.2층)",한식,"보리굴비, 갈비찜",90.1,논현2동,025168228, 
우미각,강남구,Y,Y,N,N,Y,-,"서울특별시 강남구 언주로141길 6, 백향빌딩 지상1층 (논현동)",한식,한우생등심,60.2,논현1동,-, 
아선재,강남구,Y,Y,N,Y,Y,모범음식점,"서울특별시 강남구 영동대로 333, 동원빌딩 지하1층 (대치동)",한식,한정식,212.4,대치1동,0263391112, 
어원,강남구,Y,Y,N,Y,N,-,"서울특별시 강남구 삼성로58길 13, 지상2층 (대치동)",일식,생선구이,34.3,대치1동,025013392, 
봉평착한메밀,강남구,N,N,N,Y,N,모범음식점,"서울특별시 강남구 강남대로62길 30, 지상1층 101호 (역삼동)",한식,명태메밀막국수,27.7,역삼1동,-, 
다정한상,강남구,N,N,N,N,N,모범음식점,"서울특별시 강남구 언주로 118, 지하1층 13호 (도곡동, 우성캐릭터199)",한식,백반,35.6,도곡1동,-, 
무탄,강남구,Y,Y,N,N,Y,-,"서울특별시 강남구 논현로176길 22, 1층 (신사동)",중식,"자장면, 짬뽕",81.7,신사동,-, 
순리대로,강남구,Y,Y,N,N,Y,모범음식점,"서울특별시 강남구 논현로28길 13, 지상1층 (도곡동)",한식,순대국밥,68.9,도곡1동,-, 
논현빈대떡,강남구,N,N,N,Y,N,-,"서울특별시 강남구 학동로 224, 삼환아르누보3 1층 108호 (논현동)",한식,모듬전,13.7,논현1동,-, 
뒤끝,강남구,N,N,N,Y,N,-,"서울특별시 강남구 테헤란로104길 8, 지상1층 (대치동)",한식,"곱창전골, 갈비",38.3,대치1동,-, 
무화잠,강남구,N,N,N,N,N,모범음식점,"서울특별시 강남구 강남대로 292, 뱅뱅빌딩 지하1층 (도곡동)",한식,오리,143.6,도곡1동,-, 
도모다찌,강남구,N,N,N,N,N,-,"서울특별시 강남구 영동대로 513, 지하1층 L101호 (삼성동, 코엑스몰)",양식,"돈가스, 초밥",21.1,삼성1동,260026243, 
성공시대,중랑구,N,N,N,N,N,-,"서울특별시 중랑구 동일로 633, 세진빌딩 2층 (면목동)",한식,오리고기,48.5,면목제2동,24329992, 
개성찹쌀순대해장국,은평구,N,N,N,N,N,-,"서울특별시 은평구 통일로66길 4-7, (불광동, 1,2층)",한식,순대국,27.1,불광제1동,023876080, 
삼오순대국,은평구,N,N,N,Y,N,모범음식점,"서울특별시 은평구 불광로1길 2, (대조동)",한식,순대국,29.9,대조동,023872605, 
꾸꾸가문 남원추어탕,중랑구,N,N,N,N,N,-,"서울특별시 중랑구 용마산로 452, (망우동)",한식,추어탕,38.0,망우제3동,215669971, 
유진,은평구,N,N,N,N,N,-,"서울특별시 은평구 갈현로 219, 1층 (갈현동)",중식,만두,37.5,갈현제1동,023527252, 
짜잔,은평구,N,N,N,N,N,-,"서울특별시 은평구 은평터널로 128-2, 1층 (신사동)",중식,짜장면,24.2,신사제2동,023737999, 
장안칼국수,중랑구,N,N,N,N,N,모범음식점,"서울특별시 중랑구 상봉중앙로 56, (상봉동)",분식,칼국수,18.0,상봉제1동,024388790, 
벌교 계절맛집,중랑구,N,N,N,N,N,-,"서울특별시 중랑구 용마산로 713, 2층 (신내동)",한식,"꼬막전, 보리굴비",39.1,신내1동,024369478, 
봉평산골메밀촌,은평구,N,N,N,Y,N,-,"서울특별시 은평구 불광로 40-3, (불광동, 1층)",한식,명태조림,20.8,불광제1동,023855454, 
이대감화로구이,중랑구,N,N,N,N,N,-,"서울특별시 중랑구 중랑역로 25, (중화동)",한식,돼지갈비,25.0,중화제2동,024337751, 
아구아구아구찜,중랑구,N,N,N,N,N,-,"서울특별시 중랑구 공릉로 32, B8호 (묵동,묵동공감대아파트상가 지층)",한식,"찜, 탕",25.7,묵제1동,029747300, 
청진동해장국,중랑구,N,N,N,N,N,"모범음식점,안심식당","서울특별시 중랑구 동일로 751, (중화동)",한식,해장국,42.4,중화제2동,024326089, 
박가네,중랑구,Y,N,N,N,N,"모범음식점,안심식당","서울특별시 중랑구 공릉로 6, (묵동)",한식,찌개,18.2,묵제1동,029777777, 
장위동유성집,중랑구,N,N,N,N,N,-,"서울특별시 중랑구 동일로 823-1, (중화동)",한식,등심,27.2,중화제2동,024956096,Y
온초심숯불닭갈비,중랑구,N,N,N,N,N,-,"서울특별시 중랑구 면목로 330-1, 1층 (면목동)",한식,닭갈비,22.5,면목제3.8동,024344408, 
오가네,은평구,N,N,N,N,N,-,"서울특별시 은평구 진흥로 105-6, (역촌동, 지상1층)",한식,막회,23.6,역촌동,023887611, 
오광참치,은평구,N,N,N,Y,N,"모범음식점,트립어드바이저","서울특별시 은평구 갈현로36길 20, 2층 (갈현동)",일식,참치회,26.8,갈현제1동,023523502, 
왕돈까스 왕냉면,은평구,N,N,N,N,N,-,"서울특별시 은평구 통일로 743, (대조동)",분식,칼국수,25.1,대조동,203595591, 
상하이,중랑구,N,N,N,N,N,-,"서울특별시 중랑구 면목로 223, (면목동)",중식,"짜장면, 짬뽕",25.7,면목제4동,-, 
미스터초밥왕,은평구,N,N,N,N,N,모범음식점,"서울특별시 은평구 통일로71길 32-3, 서교빌 1층 (대조동)",일식,모듬초밥,12.1,대조동,023891949, 
녹파랑,은평구,N,N,N,N,N,모범음식점,"서울특별시 은평구 녹번로 11, 제A동 제1층 (녹번동)",중식,"자장면, 짬뽕",32.2,녹번동,023536688, 
도화원,은평구,Y,N,N,N,Y,모범음식점,"서울특별시 은평구 연서로 167, 수임빌딩 1층 (갈현동)",중식,자장면,39.9,갈현제1동,023553976, 
양식당 브런치,은평구,N,N,N,N,N,-,"서울특별시 은평구 갈현로33길 24, 제상가동 제1층 4,5호 (갈현동, 갈현동현대아파트)",양식,"파스타, 브런치",12.1,갈현제1동,07075891771, 
냉삼슈퍼,은평구,N,Y,N,N,N,-,"서울특별시 은평구 갈현로 156, 1층 (구산동)",한식,삼겹살,7.6,구산동,50714062347, 
박가네,종로구,N,N,N,N,N,-,"서울특별시 종로구 종로32길 7, 2층 (종로5가)",분식,빈대떡,27.8,종로5.6가동,-, 
고려삼계탕,중구,Y,N,N,N,Y,모범음식점,"서울특별시 중구 서소문로11길 1, (서소문동)",한식,삼계탕,77.8,소공동,027529376, 
브이아이피 참치,중구,Y,N,N,N,Y,모범음식점,"서울특별시 중구 세종대로11길 42, (서소문동,(2층))",일식,참치회,106.0,소공동,027549900, 
삼원,중구,N,N,N,N,N,-,"서울특별시 중구 무교로 32, (무교동, 지하1층)",일식,대구탕,49.8,명동,027773680, 
스패뉴,중구,N,N,N,N,N,-,"서울특별시 중구 세종대로 82, (태평로2가,(지상2층))",양식,"스테이크,파스타,리조또 등",23.0,소공동,023181987, 
배재반점,중구,N,N,N,Y,N,"모범음식점,씨트립","서울특별시 중구 서소문로 103, (서소문동)",중식,-,93.3,소공동,027527666, 
강서면옥,중구,Y,N,N,N,N,"모범음식점,블루리본,씨트립","서울특별시 중구 세종대로11길 35, (서소문동)",한식,냉면,56.6,소공동,27521945, 
필동면옥,중구,Y,N,N,N,N,"모범음식점,미쉐린 가이드,블루리본","서울특별시 중구 서애로 26, (필동3가)",한식,냉면,47.2,필동,222662611, 
남문토방,중구,N,N,N,N,N,모범음식점,"서울특별시 중구 남대문시장길 45-3, 지하1층 (남창동)",한식,추어탕,33.8,회현동,027786727, 
광장동 가온,중구,N,N,N,Y,N,모범음식점,"서울특별시 중구 명동길 74, (명동2가, 1층)",한식,곰국시,160.9,명동,024571729, 
숙성원 족발. 보쌈,관악구,N,N,N,N,N,-,"서울특별시 관악구 남현1길 42, (남현동)",한식,-,39.0,남현동,025821544, 
장수식당,동대문구,N,N,N,N,N,-,"서울특별시 동대문구 망우로20길 16, 1층 (휘경동)",분식,보리밥정식,18.0,휘경제1동,222487251, 
태평양수산회세꼬시,광진구,N,N,N,N,N,-,"서울특별시 광진구 군자로 183, (군자동)",일식,생선회,50.7,군자동,024999212, 
다복,동대문구,N,Y,N,N,N,"모범음식점,안심식당","서울특별시 동대문구 망우로 117, 101호 (휘경동)",한식,돼지갈비,28.7,휘경제1동,029651332, 
서초버드나무집,서초구,Y,N,N,N,Y,"모범음식점,미쉐린 가이드,블루리본,트립어드바이저","서울특별시 서초구 효령로 434, (서초동)",한식,갈비탕,253.8,서초제2동,0234738354, 
DNJ,노원구,N,N,N,N,N,"모범음식점,트립어드바이저","서울특별시 노원구 노원로 244, 보스턴 산부인과 1층 (하계동)",중식,"짜장면,짬뽕",103.4,하계1동,029396700, 
산골식당,노원구,N,N,N,N,N,-,"서울특별시 노원구 한글비석로15길 11, 1층 (중계동)",한식,만두전골,54.3,중계4동,029370333, 
우림집,마포구,N,N,N,N,N,"모범음식점,안심식당","서울특별시 마포구 토정로37길 13, 1층 (용강동)",한식,한식,18.0,용강동,027124650, 
청마루 한우,동대문구,N,N,N,N,N,모범음식점,"서울특별시 동대문구 왕산로28길 17, (용두동)",한식,생갈비,32.5,용신동,029661750, 
한근한방삼계탕,관악구,Y,N,N,Y,N,"모범음식점,안심식당,트립어드바이저","서울특별시 관악구 봉천로 396, (봉천동)",한식,-,53.8,은천동,028772100, 
옛골,동작구,N,N,N,N,N,-,"서울특별시 동작구 성대로1길 1, 2층 (상도동)",한식,삼계탕,19.3,상도제4동,028238366, 
토담골,강동구,N,N,N,N,N,모범음식점,"서울특별시 강동구 진황도로47길 78, (길동)",한식,보리밥,25.0,길동,024707933, 
난향,서대문구,Y,Y,N,Y,Y,"모범음식점,씨트립,안심식당","서울특별시 서대문구 신촌로 67, (창천동)",중식,사천자장면,142.2,신촌동,-, 
라이스앤파스타,동작구,Y,N,N,N,N,모범음식점,"서울특별시 동작구 보라매로5가길 16, (신대방동)",양식,스파게티,29.3,신대방제2동,262697878, 
작은 섬소년,마포구,N,N,N,N,N,트립어드바이저,"서울특별시 마포구 토정로37가길 13, (용강동)",한식,-,6.4,용강동,027135930, 
방배골숯불갈비,서초구,N,N,N,Y,N,모범음식점,"서울특별시 서초구 방배중앙로29길 21, 101호 (방배동)",한식,갈비,25.4,방배본동,0234821527, 
산장가든,강동구,Y,N,N,Y,Y,"모범음식점,안심식당","서울특별시 강동구 동남로49길 26, (둔촌동,(2,3층))",한식,쇠고기로스,79.7,둔촌제2동,-, 
기품,강북구,N,N,N,N,N,-,"서울특별시 강북구 도봉로49길 7, (미아동,(밤꽃3길 5)(지상1층))",한식,장어구이,60.8,미아동,029857744, 
홍어집,동대문구,N,N,N,N,N,-,"서울특별시 동대문구 청계천로5길 9, (신설동)",한식,홍어찜,15.3,용신동,222341644, 
신창면옥,광진구,N,N,N,N,N,-,"서울특별시 광진구 자양번영로 67, (자양동)",한식,냉면,22.1,자양제3동,024440592, 
우리가돼지갈비,강북구,Y,Y,Y,N,Y,모범음식점,"서울특별시 강북구 솔샘로 334-8, (미아동)",한식,돼지갈비,69.8,송천동,029819800, 
배정철 어도,강남구,N,N,N,N,N,모범음식점,"서울특별시 강남구 언주로148길 14, 1층 (논현동)",일식,샤브샤브,60.5,논현1동,2, 
천향,강남구,N,N,N,N,N,-,"서울특별시 강남구 논현로 166, (도곡동)",중식,"자장면, 짬뽕",90.3,도곡2동,-, 
크을농,강북구,N,N,N,N,N,-,"서울특별시 강북구 4.19로 91, 1층 (수유동)",한식,한식,48.4,우이동,029907900, 
좋은날,강북구,N,N,N,N,N,-,"서울특별시 강북구 오현로 131, (번동,(지상1층))",한식,등심,43.3,번제2동,029893392, 
우돈생고기,구로구,N,N,N,Y,N,모범음식점,"서울특별시 구로구 개봉로2길 81, (개봉동)",한식,등심,26.9,개봉제3동,0260124193, 
삼원옥수해천탕,성동구,N,N,N,N,N,트립어드바이저,"서울특별시 성동구 독서당로 160, 상가동 1층 103,104호 (옥수동, 한남하이츠아파트)",한식,해천탕,9.6,옥수동,222974075, 
마라도아구찜,동작구,N,N,N,N,N,-,"서울특별시 동작구 여의대방로22가길 11, 2층 (신대방동)",한식,아구찜,18.8,신대방제2동,-, 
산울,광진구,Y,Y,N,Y,Y,"모범음식점,씨트립,안심식당,트립어드바이저","서울특별시 광진구 아차산로73길 48, 2층 201호 (광장동)",한식,곤드레정식,24.8,광장동,024532277, 
또우리,동작구,N,N,N,N,N,모범음식점,"서울특별시 동작구 서달로14길 30, 1,2층 (흑석동)",한식,제육볶음,42.0,흑석동,028170128, 
환이네갈비살(본점),광진구,N,N,N,N,N,-,"서울특별시 광진구 아차산로29길 24, 1층 (화양동)",한식,갈비,18.0,화양동,-, 
청기와 매운탕,동작구,N,N,N,N,N,-,"서울특별시 동작구 여의대방로24라길 35, 1층 (대방동)",한식,매운탕,17.8,대방동,028147088, 
남도찌개,서초구,N,N,N,N,N,-,"서울특별시 서초구 반포대로28길 71-17, 1층 (서초동)",한식,"새우탕, 생대구찌개",30.5,서초제3동,025849940, 
우리바다 생태찌개,성동구,N,N,N,N,N,-,"서울특별시 성동구 왕십리로22길 22, 지하1층 B101,B102호 (도선동)",한식,동태탕,34.2,왕십리도선동,222810331, 
서오릉피자,동대문구,N,N,N,N,N,-,"서울특별시 동대문구 답십리로 154, 1층 (답십리동)",일식,피자,24.0,답십리제1동,222155650, 
콩물에빠진두부,성동구,N,N,N,N,N,-,"서울특별시 성동구 한림말1길 8, (옥수동,지상1층)",한식,콩비지찌개,34.8,옥수동,-, 
장미식당,성동구,N,N,N,N,N,-,"서울특별시 성동구 금호로 84, 지하1층 (금호동1가, 1763)",한식,제육짜글이,8.2,금호1가동,-, 
금이네부대찌개,마포구,N,N,N,N,N,"모범음식점,안심식당","서울특별시 마포구 마포대로12길 53-1, (공덕동)",한식,부대찌개,19.8,공덕동,-, 
망향비빔국수,도봉구,N,N,N,N,N,-,"서울특별시 도봉구 도봉로 534, 1층 (창동)",한식,비빔국수,59.7,창제1동,-, 
와우낙지,도봉구,N,N,N,N,N,-,"서울특별시 도봉구 도봉산4길 7, 1층 (도봉동)",한식,낙지덮밥,20.0,도봉제1동,-, 
닭한마리 감자탕,강남구,N,N,N,N,N,-,"서울특별시 강남구 강남대로152길 14, (신사동,1층)",한식,감자탕,38.9,신사동,-, 
마쯔가제,강남구,N,N,N,N,N,모범음식점,"서울특별시 강남구 영동대로 511, (삼성동,호텔오크우드프리미어지상3층)",일식,생선회,182.0,삼성1동,025514893, 
이화원,강남구,N,N,N,N,N,모범음식점,"서울특별시 강남구 테헤란로87길 46, 호텔오크우드프리미어 지상3층 (삼성동)",중식,중식코스,198.1,삼성1동,025514893, 
스미비,관악구,N,N,N,N,N,-,"서울특별시 관악구 남부순환로230길 31, 1층 (봉천동)",기타,함박,10.0,낙성대동,-, 
방화초록동원칼국수,강서구,N,N,N,N,N,-,"서울특별시 강서구 금낭화로 128, 1층 (방화동)",한식,칼국수,32.5,방화제3동,226610910, 
최수사 대게마을,강남구,Y,Y,N,N,Y,트립어드바이저,"서울특별시 강남구 논현로 429, (역삼동,씨앤씨빌딩3층4층)",일식,대게정식,134.5,역삼1동,025662525, 
삼성동 명인등심,강남구,N,N,N,N,N,모범음식점,"서울특별시 강남구 봉은사로86길 30, (삼성동,지상2층)",한식,한우특등심,79.9,삼성1동,025649049, 
거북이 솥뚜껑 김치삼겹살,강북구,N,N,N,N,N,-,"서울특별시 강북구 수유로 2, 1층 (수유동)",일식,삼겹살,52.0,수유제1동,-, 
스시히로바,강남구,Y,N,N,Y,Y,모범음식점,"서울특별시 강남구 삼성로 620, 블래스톤리조트 지상1층 (삼성동)",일식,초밥,65.5,삼성1동,025155511, 
유한회사 성전일식,송파구,N,N,N,N,N,모범음식점,"서울특별시 송파구 양재대로 932, 가락동 농수산물도매시장 가락몰4관 1층 (가락동)",일식,일식,39.0,가락본동,024072981, 
야래향,송파구,N,N,N,N,N,-,"서울특별시 송파구 신천로 25, 지하1층 (신천동, 장미 A상가 1,2-2,2-3,15-2,16호)",한식,짜장면,51.1,잠실4동,024202041, 
제일정해물,은평구,N,N,N,N,N,모범음식점,"서울특별시 은평구 응암로 200, (응암동)",일식,해물,27.0,응암제1동,203023289, 
유한회사 유정씨푸드,송파구,N,N,N,N,N,-,"서울특별시 송파구 양재대로 932, 가락동 농수산물도매시장 가락몰 4관 3층 1-1호 (가락동)",한식,정식,52.9,가락본동,024032221, 
천하일품추어탕,강남구,N,N,N,N,N,모범음식점,"서울특별시 강남구 언주로 508, (역삼동,상록회관지하1층)",한식,추어탕,75.0,역삼1동,5019970, 
푸주옥,송파구,N,N,N,N,N,"모범음식점,트립어드바이저","서울특별시 송파구 송파대로28길 6, (가락동,1층2호,3호)",한식,"설렁탕, 갈비탕, 생고기",29.5,가락본동,024000803, 
태조감자국,성북구,N,Y,N,N,Y,모범음식점,"서울특별시 성북구 보문로34길 43, (동선동1가)",한식,감자탕,34.8,동선동,029217667, 
송전,종로구,N,N,N,N,N,-,"서울특별시 종로구 종로 14, (서린동)",일식,생선회,44.8,종로1.2.3.4가동,027398282, 
수락이오냉면,노원구,N,N,N,N,N,모범음식점,"서울특별시 노원구 동일로237다길 7, 창일빌딩 (상계동)",한식,냉면,26.7,상계1동,029352515, 
채화정,성북구,Y,Y,N,N,Y,모범음식점,"서울특별시 성북구 오패산로3길 9, (하월곡동)",한식,백숙,89.1,월곡제1동,029128333, 
유한가락마당,송파구,N,N,N,N,N,모범음식점,"서울특별시 송파구 양재대로 932, 가락동 농수산물도매시장 가락몰 4관 3층 002-1호 (가락동)",한식,생태아구찌게,47.2,가락본동,024092107, 
삼보수제갈비,광진구,N,N,N,N,N,-,"서울특별시 광진구 능동로 366, 비버리캐슬 1층 101호 (중곡동)",한식,갈비탕,52.3,중곡제2동,-, 
가야촌오리주물럭,송파구,N,N,N,N,N,모범음식점,"서울특별시 송파구 오금로 533, (거여동)",한식,오리주물럭,44.9,거여2동,024135292, 
전주집,용산구,N,N,N,N,N,-,"서울특별시 용산구 후암로 107, (동자동,게이트웨이타워(지상1층))",한식,콩나물국밥,70.6,남영동,027774887, 
밀밭,강남구,N,N,N,N,N,모범음식점,"서울특별시 강남구 테헤란로87길 36, 도심공항타워 지하1층 B7호 (삼성동)",분식,손수제비,22.4,삼성1동,-, 
태양,용산구,N,N,N,N,N,-,"서울특별시 용산구 백범로99길 54, (한강로1가,(지상1층))",중식,짬뽕,42.9,한강로동,027925538, 
발아메밀막국수,송파구,N,N,N,N,N,-,"서울특별시 송파구 백제고분로39길 3, 지상1층 (석촌동)",한식,막국수,44.2,석촌동,024121970, 
오늘도낙지,광진구,N,N,N,N,N,-,"서울특별시 광진구 아차산로76길 6, 1층 (광장동)",한식,낙지,19.1,광장동,264098802, 
천미향,성동구,N,N,N,N,N,-,"서울특별시 성동구 성수일로10길 26, 2층 216,217,218,219호 (성수동2가)",중식,차돌짬뽕,68.3,성수2가제1동,234994488, 
송탄부대찌개숯불갈비,용산구,N,N,N,N,N,-,"서울특별시 용산구 후암로57길 3-2, (동자동)",한식,부대찌개,24.7,남영동,027774292, 
강남역 모범갈빗살,서초구,N,N,N,N,N,안심식당,"서울특별시 서초구 서초대로73길 40, 104호 (서초동, 강남오피스텔)",한식,한우구이,48.0,서초제4동,025332588, 
다원 맛칼국수,동작구,N,N,N,N,N,-,"서울특별시 동작구 상도로62길 29, 1층 (상도동)",한식,칼국수,28.4,상도제1동,-, 
석촌식당,송파구,N,N,N,N,N,-,"서울특별시 송파구 가락로 71, 1층 108,109호 (석촌동)",한식,"삼겹살, 돼지갈비",20.2,석촌동,024188017, 
일공,강남구,N,N,N,N,N,트립어드바이저,"서울특별시 강남구 영동대로112길 61, 지상3층 (삼성동)",중식,자장면,42.2,삼성1동,-, 
이마스시,강남구,Y,Y,N,N,Y,-,"서울특별시 강남구 논현로168길 22, 계진빌딩 지상1층 (신사동)",일식,회정식,49.9,신사동,025117001, 
돌쌈,성북구,N,N,N,N,N,-,"서울특별시 성북구 장월로26길 11, (장위동)",한식,쭈꾸미요리,15.0,장위제1동,029094202, 
곰바우나주곰탕,마포구,N,N,N,N,N,-,"서울특별시 마포구 월드컵북로44길 82, 2층 (상암동)",한식,곰탕,35.9,상암동,-, 
해남집,강남구,N,N,N,N,N,-,"서울특별시 강남구 강남대로160길 16, (신사동,지상1층)",한식,남도음식,38.0,신사동,025177050, 
골드러쉬,송파구,N,N,N,N,N,모범음식점,"서울특별시 송파구 송파대로28길 11, 캘리포니아관광호텔 지하3층 B302호 (가락동)",양식,스테이크,14.2,가락본동,-, 
부칸산837,은평구,N,N,N,N,N,-,"서울특별시 은평구 대서문길 45-14, 1,2층 (진관동)",기타,곤드레밥,27.2,진관동,-, 
서계마을,용산구,N,N,N,N,N,모범음식점,"서울특별시 용산구 효창원로 270, 만리시장 (서계동)",한식,명태매콤조림,38.9,청파동,027139007, 
더라운지,강남구,Y,Y,N,N,Y,"모범음식점,트립어드바이저","서울특별시 강남구 테헤란로 606, (대치동,지상22,23층)",양식,갈비 등,72.7,대치2동,025015487, 
덕인관 김포밥상,강서구,N,N,N,N,N,-,"서울특별시 강서구 하늘길 38, MF층 한식코너호 (방화동, 김포공항, 롯데몰, 스카이시티)",한식,뼈없는 갈비탕,65.7,방화제2동,261165327, 
신흥토종한우,송파구,N,N,N,N,N,모범음식점,"서울특별시 송파구 마천로51길 27-1, (마천동,1층)",한식,육류,29.9,마천1동,024085024, 
보들이 족발,은평구,N,N,N,N,N,-,"서울특별시 은평구 연서로 230-10, (대조동)",한식,족발,36.1,대조동,023887610, 
낙지왕궁,강북구,N,N,N,N,N,-,"서울특별시 강북구 덕릉로24길 6, 1층 (수유동)",한식,낙지볶음,76.5,수유제1동,-, 
마오,용산구,N,N,N,N,N,"모범음식점,씨트립","서울특별시 용산구 회나무로 57, (이태원동,(지상4층))",중식,베이징덕,49.9,이태원제1동,027938845, 
서울밤,용산구,N,N,N,N,N,모범음식점,"서울특별시 용산구 녹사평대로40길 57, (이태원동,(지상1층))",한식,순두부찌개,15.1,이태원제1동,027978486, 
일구칠구 매운탕,관악구,N,N,N,N,N,모범음식점,"서울특별시 관악구 난곡로66가길 6, 1층 (신림동)",한식,-,30.5,신사동,-, 
지동,노원구,N,N,N,N,N,-,"서울특별시 노원구 동일로190길 58, 1층 (공릉동)",한식,닭갈비,23.7,공릉1동,-, 
강남따로국밥,서초구,N,N,N,N,N,-,"서울특별시 서초구 신반포로47길 118, 2층 (잠원동, 근생빌딩A동)",한식,국밥,49.9,잠원동,-, 
합정전,마포구,N,N,N,N,N,-,"서울특별시 마포구 월드컵로3길 31-32, (합정동, 지1층)",한식,모듬전,24.4,합정동,023252539, 
만나본가,구로구,N,N,N,N,N,모범음식점,"서울특별시 구로구 중앙로3길 12, 서봉빌딩 1층 101호 (고척동)",한식,한우등심,45.4,고척제1동,-, 
갯벌낙지,영등포구,N,N,N,N,N,"모범음식점,안심식당","서울특별시 영등포구 영신로20길 6-1, (영등포동)",한식,낙지요리,70.2,영등포본동,028336488, 
남도랑,강남구,N,N,N,N,N,-,"서울특별시 강남구 역삼로5길 5, (역삼동,지상1층)",한식,매운탕,42.7,역삼1동,-, 
해초록 사랑,강남구,N,N,N,Y,N,모범음식점,"서울특별시 강남구 삼성로 539, (삼성동,지하1층)",일식,활어회,97.6,삼성2동,5535570, 
세광양대창용산점,용산구,N,N,N,N,N,-,"서울특별시 용산구 한강대로 144, (한강로2가, 93-3 지상1층)",한식,대창구이,42.0,한강로동,027907113, 
동해해물탕,양천구,N,N,N,N,N,-,"서울특별시 양천구 목동로21길 1, 1층 (신정동)",한식,해물탕,29.8,신정4동,226041999, 
핏제리아 달 포르노,성동구,N,N,N,N,N,-,"서울특별시 성동구 마조로9길 6-5, 1층 (행당동)",양식,피자,29.7,행당제1동,-, 
소먹날 소한마리 정육식당,중랑구,N,N,N,N,N,-,"서울특별시 중랑구 용마산로115길 76, (망우동)",한식,고기,24.9,망우본동,-, 
옛날농장,송파구,N,N,N,N,N,모범음식점,"서울특별시 송파구 올림픽로32길 19-10, 지상1층 (방이동)",한식,"돼지갈비, 삼겹살",65.8,방이1동,024162566, 
고향옥 얼큰순대국,은평구,Y,N,N,Y,Y,모범음식점,"서울특별시 은평구 진관2로 15-8, 웅신 미켈란의아침 상가106호,107호 (진관동)",한식,순대국,31.5,진관동,023563569, 
소각(Sogak),강남구,N,N,N,N,N,-,"서울특별시 강남구 강남대로160길 17, (신사동,지상1층)",분식,마라탕,32.6,신사동,-, 
진주문진 생태찌게,송파구,N,N,N,N,N,-,"서울특별시 송파구 송파대로28길 35, 205,304호 (가락동, 송파NSuite)",한식,생태찌개,64.4,가락본동,-, 
바지락손칼국수,중랑구,N,N,N,N,N,-,"서울특별시 중랑구 용마산로 464, 1층 (망우동)",기타,칼국수,12.4,망우제3동,-, 
옛날순대국,중랑구,N,N,N,N,N,-,"서울특별시 중랑구 사가정로53길 14, 좌측두번째,1층우측첫번째 1층 (면목동)",한식,순대국,15.8,면목제3.8동,024330242, 
비노바인,서초구,N,Y,N,N,Y,"안심식당,트립어드바이저","서울특별시 서초구 반포대로23길 6, 지하1층 (서초동)",양식,-,75.6,서초제2동,-, 
두루올,은평구,N,N,N,N,N,-,"서울특별시 은평구 은평로9길 13, 캐스텔가든 104호 (응암동)",한식,순대국,24.8,응암제1동,50714178257, 
방배본가면옥,서초구,N,N,N,N,N,-,"서울특별시 서초구 방배로 41, 방배홈스텔 1층 102호 (방배동)",한식,면요리,48.6,서초제3동,-, 
서초바다 청조,서초구,N,N,N,N,N,-,"서울특별시 서초구 서초대로 338, 102호 (서초동)",한식,"한정식, 회",50.9,서초제1동,-, 
부안애서,서초구,N,N,N,N,N,-,"서울특별시 서초구 청계산로 223, 1층 (신원동)",한식,"김치찌개, 닭도리탕",44.8,내곡동,-, 
한남북엇국,용산구,N,N,N,N,N,-,"서울특별시 용산구 독서당로 65-7, 지상1~3층,지하1층 (한남동)",한식,북엇국,78.5,한남동,0222971988, 
대흥정 엘에이 갈비,강남구,N,N,N,N,N,모범음식점,"서울특별시 강남구 광평로46길 5-4, 지상1층 (수서동)",한식,불고기,42.8,수서동,-, 
왕금성(이수역점),서초구,N,N,N,N,N,-,"서울특별시 서초구 서초대로 3-4, 2층 203호 (방배동, 방배디오슈페리움1)",중식,중국코스요리,67.5,방배본동,-, 
금은돈,용산구,N,N,N,N,N,모범음식점,"서울특별시 용산구 한강대로14가길 14, 1층 (한강로3가)",한식,금돈삼겹살,17.3,한강로동,221358344, 
하심정,마포구,N,Y,N,Y,Y,트립어드바이저,"서울특별시 마포구 망원로10길 21, 하심정 2층 (망원동)",한식,가마솥밥정식,38.2,망원제1동,-, 
쭈불앤쭈불,강남구,N,N,N,N,N,모범음식점,"서울특별시 강남구 테헤란로87길 22, 지하1층 Q121호 (삼성동, 한국도심공항터미널)",한식,쭈꾸미소불고기,21.5,삼성1동,-, 
나루,마포구,N,N,N,N,N,-,"서울특별시 마포구 토정로31길 23, 래미안 마포 리버웰 121동 지1층 110,111호 (용강동)",일식,-,24.2,용강동,-, 
석촌동 장식당,송파구,N,N,N,N,N,-,"서울특별시 송파구 송파대로37길 70, 1층 10호 (석촌동)",한식,동태찌개,9.7,석촌동,-, 
압구정제주집(狎鷗亭濟州緝),강남구,N,N,N,N,N,-,"서울특별시 강남구 논현로152길 36, 지상1층 (신사동)",한식,"삼겹살, 특수부위",20.3,신사동,-, 
벗이있는집,동대문구,N,N,N,N,N,-,"서울특별시 동대문구 회기로25길 109, 1층 (이문동)",한식,김치찌개,16.2,이문제1동,-, 
코너스톤,강남구,N,N,N,N,N,-,"서울특별시 강남구 테헤란로 606, (대치동,지상1층)",양식,파스타,197.9,대치2동,025015487, 
구월의 소철,강남구,N,N,N,N,N,-,"서울특별시 강남구 학동로 343, 포바강남타워 지하1층 B102, B103호 (논현동)",일식,"뭉티기, 육회",65.2,논현1동,-, 
박대박,강남구,N,N,N,N,N,-,"서울특별시 강남구 언주로172길 60, 지상1층 (신사동)",한식,부대찌개,38.0,신사동,-, 
청담보쌈,강남구,N,N,N,N,N,-,"서울특별시 강남구 선릉로 649, 대훈빌딩 지상1층 101호 (논현동)",한식,"보쌈, 전",45.0,논현1동,025407890, 
해랑,강남구,N,N,N,N,N,-,"서울특별시 강남구 봉은사로1길 39, 유성빌딩 지상2층 201호,202호 (논현동)",한식,해물탕,65.2,논현1동,025447270, 
